# Sherical harmonic coefficients for the Average Magnetic field and Polar current System (AMPS) model
# Produced Jul 2026
#
# Based on magnetic field measurements from CHAMP (2001-08 to 2010-09) and Swarm (2013-12 to 2023-12).
# Reference: Laundal et al., "Solar wind and seasonal influence on ionospheric currents", Journal of Geophysical Research - Space Physics, doi:10.1029/2018JA025387, 2018
#
# Coefficient unit: nT
# Apex reference height: 110 km
# Earth radius: 6371.2 km
#
# Spherical harmonic degree, order: 65, 3 (for T) and 45, 3 (for V)
# 
# column names:
# n m tor_c_const tor_s_const pol_c_const pol_s_const tor_c_sinca tor_s_sinca pol_c_sinca pol_s_sinca tor_c_cosca tor_s_cosca pol_c_cosca pol_s_cosca tor_c_epsilon tor_s_epsilon pol_c_epsilon pol_s_epsilon tor_c_epsilon_sinca tor_s_epsilon_sinca pol_c_epsilon_sinca pol_s_epsilon_sinca tor_c_epsilon_cosca tor_s_epsilon_cosca pol_c_epsilon_cosca pol_s_epsilon_cosca tor_c_tilt tor_s_tilt pol_c_tilt pol_s_tilt tor_c_tilt_sinca tor_s_tilt_sinca pol_c_tilt_sinca pol_s_tilt_sinca tor_c_tilt_cosca tor_s_tilt_cosca pol_c_tilt_cosca pol_s_tilt_cosca tor_c_tilt_epsilon tor_s_tilt_epsilon pol_c_tilt_epsilon pol_s_tilt_epsilon tor_c_tilt_epsilon_sinca tor_s_tilt_epsilon_sinca pol_c_tilt_epsilon_sinca pol_s_tilt_epsilon_sinca tor_c_tilt_epsilon_cosca tor_s_tilt_epsilon_cosca pol_c_tilt_epsilon_cosca pol_s_tilt_epsilon_cosca tor_c_tau tor_s_tau pol_c_tau pol_s_tau tor_c_tau_sinca tor_s_tau_sinca pol_c_tau_sinca pol_s_tau_sinca tor_c_tau_cosca tor_s_tau_cosca pol_c_tau_cosca pol_s_tau_cosca tor_c_tilt_tau tor_s_tilt_tau pol_c_tilt_tau pol_s_tilt_tau tor_c_tilt_tau_sinca tor_s_tilt_tau_sinca pol_c_tilt_tau_sinca pol_s_tilt_tau_sinca tor_c_tilt_tau_cosca tor_s_tilt_tau_cosca pol_c_tilt_tau_cosca pol_s_tilt_tau_cosca tor_c_f107 tor_s_f107 pol_c_f107 pol_s_f107
1  0  0.0220464        NaN  0.6842592        NaN -0.0434286        NaN -0.0526259        NaN -0.0765629        NaN  0.0814722        NaN  0.0659635        NaN  0.0100847        NaN -0.0436005        NaN  0.0066456        NaN  0.0493905        NaN -0.0364514        NaN  0.1677652        NaN -0.0027911        NaN -0.0009711        NaN  0.0048057        NaN  0.0036743        NaN -0.0008524        NaN -0.0019974        NaN -0.0022642        NaN  0.0060559        NaN -0.0013758        NaN  0.0021816        NaN -0.0010640        NaN  0.0719520        NaN  0.0156667        NaN  0.0334773        NaN  0.0063449        NaN -0.0009933        NaN -0.0211244        NaN  0.0083931        NaN  0.0006306        NaN -0.0069756        NaN -0.0007377        NaN -0.0051719        NaN -0.0012946        NaN  0.0280671        NaN -0.0023067        NaN
1  1  1.0453572 -0.0476289 -0.4193776  0.2710743  0.0336144 -0.0261862 -0.1084491  0.0440355 -1.5772537  1.3045186  0.1247872  0.0511797 -1.1149210  0.5424456  0.0088709 -0.0517079 -0.0411732  0.0207422  0.0815941 -0.0480611  0.2404462 -0.4491933 -0.0401509 -0.0910289  0.0041738  0.0020817  0.0325144  0.0199094 -0.0046027  0.0204163 -0.0062258  0.0017757 -0.0055420  0.0078922 -0.0024951 -0.0016722 -0.0079651  0.0000713 -0.0023827 -0.0005102  0.0067828 -0.0075712  0.0018817  0.0001441 -0.0032277 -0.0042224 -0.0032621 -0.0013121 -0.0674033  0.0639212  0.0118391  0.0646908  0.0024396  0.0266569  0.0381872 -0.0099057  0.0261099 -0.0889157 -0.0168530 -0.0663543  0.0003159  0.0007428  0.0012400  0.0002998  0.0047021 -0.0009383  0.0008795 -0.0004747 -0.0018718 -0.0009027 -0.0021402  0.0006337 -0.0069347  0.0031672  0.0019599 -0.0004166
2  0 -0.4834420        NaN -0.0965780        NaN  0.0295273        NaN -0.0154946        NaN  0.2058621        NaN -0.0012438        NaN  0.1332613        NaN  0.0113228        NaN -0.0090091        NaN  0.0025990        NaN -0.0823928        NaN  0.0500153        NaN -0.0014027        NaN  0.0013761        NaN  0.0085000        NaN -0.0022284        NaN  0.0029571        NaN  0.0044463        NaN -0.0004572        NaN  0.0004946        NaN -0.0066956        NaN  0.0005227        NaN  0.0008687        NaN -0.0008159        NaN  0.0438370        NaN -0.0332202        NaN  0.0057590        NaN  0.0090707        NaN -0.0481690        NaN  0.0292199        NaN -0.0012242        NaN -0.0008920        NaN -0.0031137        NaN  0.0001915        NaN  0.0018430        NaN -0.0005104        NaN -0.0026061        NaN  0.0001504        NaN
2  1 -0.5113915 -0.3870531 -0.6902706 -0.4179378 -0.1593422 -0.2580951  0.0084988 -0.0611831 -0.0465624  0.0310142 -0.1155481  0.2578796  0.0111613 -0.0180478  0.1403017  0.1512158 -0.3244322  0.0916714  0.0124457  0.0242191  0.0380412 -0.0164471  0.0353490 -0.0397342  0.0113536 -0.0302779 -0.0010071 -0.0005544  0.0023844  0.0052511 -0.0027548 -0.0018017 -0.0011260 -0.0035318  0.0038634  0.0013114 -0.0032659  0.0162365  0.0011585  0.0043522 -0.0009881 -0.0016103 -0.0001223 -0.0009809 -0.0049690 -0.0031897 -0.0018674  0.0033431 -0.0406308 -0.0175178 -0.0118379  0.0281593 -0.1478215  0.0691399  0.0102431  0.0007876  0.0305094  0.0049523  0.0403905 -0.0152786  0.0016001  0.0081008  0.0011495 -0.0021306  0.0002199 -0.0005514  0.0007898  0.0000586 -0.0010064 -0.0015092 -0.0006353  0.0028764  0.0016432  0.0003323  0.0064612  0.0033914
2  2 -0.2518363  0.2490724  0.1842472 -0.2758261  0.0445129  0.0132987  0.0409231 -0.0472178 -0.0234855 -0.2627219 -0.0755739  0.0331579  0.0617082  0.0372924  0.0124368  0.0547793 -0.0060437 -0.0147544  0.0071007  0.0118740  0.0333828  0.1490179  0.0468561  0.0683729  0.0040655  0.0032996 -0.0020941 -0.0046766 -0.0035871  0.0000717  0.0011351 -0.0004521 -0.0045304 -0.0015338  0.0020719  0.0063787  0.0019355 -0.0055127  0.0014469  0.0005766  0.0028579  0.0017228 -0.0007717 -0.0006831  0.0029751 -0.0008870  0.0024038 -0.0000209 -0.0172083 -0.0362693 -0.0333536 -0.0547636  0.0023040  0.0010162 -0.0048296  0.0006964  0.0307110  0.0630017  0.0360461  0.0602530 -0.0017539  0.0027545 -0.0018715 -0.0003592  0.0006540  0.0006640  0.0002327  0.0006248  0.0006460 -0.0035905  0.0011182 -0.0006344  0.0074160 -0.0075044 -0.0010616 -0.0001509
3  0 -0.0237592        NaN -0.5097629        NaN  0.0518694        NaN -0.0250115        NaN -0.0188557        NaN -0.1004008        NaN -0.0118728        NaN  0.0062261        NaN -0.1255952        NaN  0.0208148        NaN -0.0013360        NaN  0.0530679        NaN -0.0226761        NaN  0.0023829        NaN  0.0038586        NaN -0.0048996        NaN -0.0049531        NaN  0.0018422        NaN  0.0035586        NaN  0.0002053        NaN -0.0038132        NaN  0.0021584        NaN -0.0012310        NaN -0.0013037        NaN -0.0134638        NaN  0.0064961        NaN -0.0783870        NaN  0.0107239        NaN -0.0082161        NaN  0.0075104        NaN  0.0002761        NaN  0.0009568        NaN  0.0038989        NaN  0.0011414        NaN  0.0008331        NaN -0.0006482        NaN -0.0171860        NaN  0.0050786        NaN
3  1  0.6722378 -0.0532756  0.0150587  0.0393305  0.0007171 -0.0322473 -0.0517040  0.0172734 -1.0703331  1.0576217  0.0452880  0.0154678 -0.7270917  0.6363983  0.0493189  0.0182134 -0.0141939  0.0225996  0.0123720  0.0740116  0.2138083 -0.3627372  0.0444197  0.0120727  0.0014915  0.0014449 -0.0176519 -0.0082418 -0.0057667  0.0126682  0.0026167  0.0004663 -0.0057667  0.0002492 -0.0045308 -0.0011603 -0.0003247 -0.0008393  0.0062199 -0.0009893  0.0040520 -0.0054664 -0.0006870  0.0000256 -0.0002715  0.0003488  0.0037430  0.0005999 -0.0723413  0.0656245 -0.0479537 -0.0193136 -0.0069920  0.0211966  0.0085928  0.0481541  0.0659200 -0.0843151  0.0449403  0.0224716  0.0007554 -0.0003063 -0.0015883  0.0010168 -0.0014876 -0.0001143  0.0001490 -0.0002530 -0.0015081 -0.0006078  0.0033918 -0.0010216  0.0040222 -0.0010998 -0.0009052 -0.0008701
3  2  0.3125360  0.0041500  0.6604465  0.2786839  0.0522059 -0.0229003  0.0109430  0.0241227  0.0019513 -0.0120235 -0.0375887  0.0590564  0.0006970  0.0095099 -0.0702829  0.0013828 -0.0143997  0.0131496 -0.0130467 -0.0145463 -0.0125236  0.0121480 -0.0247655  0.0017530  0.0062445  0.0104611  0.0013806 -0.0051191 -0.0011484  0.0010460  0.0008230  0.0027040  0.0023520 -0.0047041 -0.0026119 -0.0000874  0.0032250 -0.0025967 -0.0031987 -0.0025917  0.0000440  0.0001221  0.0000441 -0.0007970 -0.0012516 -0.0000331 -0.0014350 -0.0030221  0.0048409 -0.0032221  0.0156437 -0.0078528 -0.0237047  0.0064340 -0.0028711 -0.0107683 -0.0019226  0.0024766 -0.0303289 -0.0060451  0.0009037  0.0014071  0.0010840  0.0026182  0.0000712  0.0003800  0.0002401 -0.0002941 -0.0011694 -0.0021104 -0.0016107 -0.0026687 -0.0019588  0.0013980 -0.0029942 -0.0028769
3  3  0.0295859  0.0332433 -0.0547007  0.0306425 -0.0152432  0.0234100 -0.0065001  0.0458634  0.0253041 -0.0074208  0.1070815 -0.0708677  0.0046746 -0.0383515  0.0350868 -0.0801672 -0.0016506 -0.0196323  0.0027505 -0.0142851 -0.0205008 -0.0327676 -0.0039948 -0.0846840 -0.0076326 -0.0019923 -0.0059422  0.0060770  0.0025026 -0.0006010  0.0028083  0.0033838  0.0056866  0.0058365  0.0037469 -0.0036668 -0.0024590  0.0010505 -0.0024511 -0.0019707  0.0001327 -0.0001948  0.0000930 -0.0003868 -0.0041772 -0.0040807 -0.0050172  0.0000481  0.0189024  0.0167874  0.0113717  0.0640084  0.0019765  0.0013840 -0.0010317 -0.0071971 -0.0101646 -0.0229578 -0.0114002 -0.0708474  0.0026660  0.0015861  0.0036437  0.0004162  0.0024710  0.0001314 -0.0007746 -0.0005810 -0.0015794  0.0001297 -0.0034638 -0.0006121 -0.0015210 -0.0006019  0.0000497  0.0007391
4  0 -0.3425782        NaN  0.1068114        NaN -0.0150833        NaN -0.0023039        NaN  0.2418459        NaN -0.0065768        NaN  0.2405230        NaN -0.0051494        NaN  0.0155106        NaN  0.0005369        NaN -0.0686048        NaN  0.0264271        NaN  0.0024792        NaN -0.0141785        NaN  0.0064141        NaN  0.0005754        NaN  0.0015533        NaN  0.0023537        NaN  0.0029846        NaN  0.0044173        NaN -0.0082904        NaN -0.0001434        NaN -0.0010788        NaN  0.0015180        NaN  0.0538915        NaN -0.0354540        NaN  0.0003602        NaN  0.0102762        NaN -0.0291763        NaN  0.0249585        NaN -0.0007729        NaN -0.0014326        NaN -0.0053225        NaN  0.0000988        NaN -0.0010674        NaN  0.0015274        NaN  0.0007014        NaN -0.0003033        NaN
4  1  0.3094776  0.0385036  0.3612588  0.2190009 -0.0391109 -0.4785519  0.0324861  0.0565509  0.0449033 -0.0587684  0.0233202 -0.1150174  0.0269462 -0.0483124  0.0390104  0.0098171  0.2603932  0.4007245 -0.0079063 -0.0184796 -0.0214629  0.0048050 -0.0167773  0.0652289 -0.0718103  0.0467359 -0.0025165 -0.0038876 -0.0002867 -0.0015634  0.0039141  0.0021412  0.0050415  0.0092714 -0.0009558 -0.0001709 -0.0000768  0.0120865 -0.0011856 -0.0008326  0.0000782  0.0023313 -0.0011249 -0.0012385 -0.0020520  0.0030865 -0.0002950 -0.0014632 -0.0223701  0.0053826 -0.0036439 -0.0081514  0.0424670  0.1713297 -0.0034261 -0.0117587  0.0061286 -0.0035555  0.0104538  0.0085187  0.0007254 -0.0120009  0.0002390  0.0015372 -0.0009279  0.0011491 -0.0005688 -0.0004055 -0.0041436  0.0071311 -0.0004895 -0.0012370 -0.0029960 -0.0005709 -0.0027025  0.0000573
4  2  0.0427388  0.1920542  0.0230274 -0.0673128  0.0011814  0.0078793 -0.0120346  0.0298505 -0.0650541 -0.2280316  0.0284170  0.0093973  0.0592294  0.0002101 -0.0003647 -0.0328868 -0.0089403 -0.0233121  0.0088644 -0.0077304  0.0676487  0.1083336 -0.0177599 -0.0408622  0.0022120 -0.0008122  0.0054520  0.0056338 -0.0019867 -0.0037355 -0.0000614 -0.0006153  0.0013667 -0.0008180 -0.0003317 -0.0036777 -0.0000421  0.0026081 -0.0017565 -0.0019870 -0.0000111 -0.0001977  0.0003028 -0.0000083  0.0002222 -0.0009807 -0.0019908  0.0004196 -0.0406130  0.0090538  0.0156546  0.0259115  0.0037950  0.0048811  0.0063669 -0.0062663  0.0447740  0.0158384 -0.0164598 -0.0324605 -0.0007963 -0.0015148  0.0015880 -0.0010467 -0.0008496 -0.0007838 -0.0002685  0.0000252  0.0027311  0.0014690 -0.0015213  0.0009452 -0.0022316  0.0078048 -0.0003036  0.0007686
4  3 -0.1362960  0.0156206 -0.3952433 -0.1046281  0.0217304  0.0076411 -0.0319360 -0.0045682  0.0368699 -0.0022291  0.0141526 -0.0369623 -0.0054897  0.0194653  0.0222301 -0.0201117 -0.0183198  0.0018693  0.0116839  0.0019638 -0.0210991  0.0124630  0.0152454 -0.0103801 -0.0025940 -0.0020954 -0.0000712  0.0012808  0.0006358 -0.0002762 -0.0016423 -0.0025307 -0.0011609 -0.0020893  0.0036570  0.0008443 -0.0002486 -0.0017662  0.0010525  0.0016497 -0.0005736  0.0005808  0.0004315  0.0006531 -0.0000842 -0.0020067 -0.0005597  0.0022058  0.0153930 -0.0074449  0.0066487 -0.0055853 -0.0015151  0.0003882  0.0084059  0.0112153 -0.0155018  0.0129104  0.0034267  0.0000401  0.0008115  0.0020590 -0.0007672 -0.0022507 -0.0002534 -0.0006082  0.0002655  0.0003586 -0.0003215 -0.0014667  0.0002788  0.0019158  0.0012174 -0.0012306  0.0015937  0.0013935
5  0  0.0864013        NaN  0.3781839        NaN  0.0865941        NaN  0.0220195        NaN -0.0331758        NaN -0.3967297        NaN -0.0283277        NaN -0.1359878        NaN -0.1825183        NaN -0.0040304        NaN -0.0067961        NaN  0.1165870        NaN -0.0088410        NaN  0.0029530        NaN -0.0025638        NaN -0.0038021        NaN -0.0013282        NaN  0.0003223        NaN -0.0040845        NaN -0.0006073        NaN  0.0032175        NaN  0.0029580        NaN  0.0004672        NaN  0.0004021        NaN -0.0037552        NaN -0.0464700        NaN -0.1131398        NaN -0.0011431        NaN  0.0068123        NaN  0.0431562        NaN  0.0025328        NaN -0.0007154        NaN -0.0031938        NaN  0.0008415        NaN -0.0028600        NaN  0.0003319        NaN  0.0117595        NaN -0.0003511        NaN
5  1  0.2206549 -0.6496319  0.0002688 -0.0222953 -0.0094878 -0.0411696  0.0197282 -0.0084051 -0.4152475  1.0506318 -0.0148038 -0.0200467 -0.4330422  0.8408803 -0.0092763 -0.0225404 -0.0064324  0.0219374  0.0032963 -0.0298702  0.0146189 -0.2814390  0.0021199  0.0009157  0.0030410 -0.0020900  0.0105541  0.0107814 -0.0005060  0.0098414 -0.0006338  0.0006029 -0.0037620  0.0029945 -0.0017457 -0.0065351 -0.0012707 -0.0013561 -0.0014675 -0.0035731  0.0017983 -0.0050139  0.0002827 -0.0003364  0.0023842 -0.0033477 -0.0021799  0.0021874  0.0228215  0.0331189  0.0030499  0.0044801  0.0040674  0.0232119  0.0050768  0.0023192 -0.0202874 -0.0577974 -0.0032784 -0.0037527 -0.0018293  0.0002294  0.0008713 -0.0006610  0.0037010 -0.0002254  0.0003113 -0.0001883  0.0028242  0.0000285 -0.0015774  0.0008329 -0.0039556  0.0086596  0.0002070 -0.0002806
5  2  0.0396859  0.1283567 -0.1434748  0.0218927  0.0150277 -0.0547536 -0.0280123 -0.0018781 -0.0015318  0.0171349 -0.1033106  0.0065511  0.0552560  0.0327678 -0.0129199 -0.0671917 -0.0037711  0.0414849  0.0062644  0.0001371  0.0221425  0.0217884  0.0464017 -0.0455484  0.0386121  0.0074970 -0.0004952 -0.0005141 -0.0013144  0.0007405 -0.0010244 -0.0011772  0.0054839  0.0040950 -0.0000848  0.0011484  0.0070823  0.0013395  0.0005842  0.0019481 -0.0001645 -0.0011741  0.0004012 -0.0004487  0.0002493 -0.0025378  0.0005869  0.0021624  0.0119312 -0.0084349  0.0065717  0.0096656 -0.0170274 -0.0020749  0.0101132 -0.0009813  0.0052681  0.0125264  0.0059899 -0.0245651  0.0021510  0.0041851 -0.0007384 -0.0014249 -0.0003166 -0.0005888  0.0003345  0.0006693 -0.0000081 -0.0017697  0.0008742  0.0013825  0.0065091 -0.0049642  0.0017836 -0.0001508
5  3 -0.0296432 -0.0170897 -0.0642459  0.0121819  0.0013303  0.0170869 -0.0086416 -0.0577610  0.0244295 -0.0105864  0.0102276 -0.0369059 -0.0483385  0.0238324  0.0145077 -0.0272996  0.0073889 -0.0044799 -0.0033784  0.0208693 -0.0499464  0.0095297  0.0027324 -0.0288530  0.0046895  0.0030144 -0.0011388 -0.0018294 -0.0003520  0.0011922 -0.0004781  0.0023595 -0.0027168 -0.0019128 -0.0005546  0.0005830  0.0024359 -0.0023239  0.0010712 -0.0007792 -0.0010715  0.0003102  0.0000279 -0.0001854  0.0026752  0.0016162  0.0015758 -0.0003424  0.0275786  0.0032248 -0.0040802  0.0277357 -0.0034533 -0.0008868  0.0004887  0.0086900 -0.0281519  0.0008577  0.0061881 -0.0220676 -0.0007620 -0.0015964 -0.0006486  0.0001152 -0.0028569 -0.0005388 -0.0000342 -0.0001845  0.0000451 -0.0011638  0.0008349 -0.0003958  0.0004322 -0.0001867  0.0002682 -0.0002574
6  0 -0.3710184        NaN  0.0405299        NaN -0.0165885        NaN -0.0828117        NaN  0.1561483        NaN  0.0018428        NaN  0.2244024        NaN  0.0181785        NaN  0.0096401        NaN  0.0411617        NaN -0.0335686        NaN  0.0209307        NaN  0.0001212        NaN -0.0072083        NaN  0.0100520        NaN -0.0000169        NaN  0.0016478        NaN  0.0046464        NaN  0.0000642        NaN  0.0029425        NaN -0.0124416        NaN -0.0002004        NaN  0.0018220        NaN -0.0029046        NaN  0.0246627        NaN -0.0047669        NaN  0.0015016        NaN  0.0173655        NaN -0.0046187        NaN  0.0092317        NaN -0.0010285        NaN  0.0021835        NaN -0.0067094        NaN  0.0001758        NaN  0.0030376        NaN -0.0018290        NaN -0.0036164        NaN  0.0000202        NaN
6  1 -0.0518068 -0.0635610 -0.1713141  0.2744209 -0.2220262  0.0494777 -0.0213818  0.0400326 -0.0126955 -0.0113933 -0.2464584 -0.4418928  0.0089610  0.0281834 -0.0457292 -0.2381302 -0.1094954 -0.0231846  0.0154809 -0.0136545  0.0075657 -0.0006332  0.0976732  0.1084218  0.0745501 -0.0164091  0.0001815  0.0000105 -0.0006813  0.0015877 -0.0026455 -0.0031095  0.0052623  0.0044392 -0.0015571 -0.0019835  0.0066324  0.0197903 -0.0005502 -0.0001920 -0.0016373 -0.0019394  0.0013267  0.0008250 -0.0039510 -0.0006562 -0.0005710  0.0003169  0.0120887  0.0143294 -0.0238926 -0.0365374 -0.0542171  0.0122871  0.0065577 -0.0098220 -0.0072427 -0.0101918  0.0264153  0.0192205  0.0040284  0.0025221  0.0006834  0.0004776  0.0011005 -0.0012464  0.0005051  0.0009753  0.0005388 -0.0010715 -0.0003798 -0.0002211  0.0051149 -0.0012068  0.0031123  0.0005072
6  2 -0.0955918  0.2884616  0.0103143 -0.0303706  0.0108186  0.0286385  0.0150209  0.0079986 -0.0577115 -0.2286824 -0.0016243  0.0369830  0.0883464  0.0139797  0.0027027  0.0314235  0.0005510 -0.0251427 -0.0090074  0.0037404  0.0745366  0.0864014 -0.0006872  0.0248625  0.0005058 -0.0008026  0.0034252 -0.0088583 -0.0038759  0.0032873  0.0007709  0.0008519 -0.0012585  0.0012415 -0.0029487  0.0008094  0.0017103 -0.0026941 -0.0008860 -0.0032200  0.0035873  0.0010933 -0.0001583  0.0000429  0.0019944  0.0026653  0.0006826 -0.0021704 -0.0462793  0.0444757  0.0011615 -0.0258098  0.0023519  0.0025955 -0.0036324  0.0005867  0.0494441 -0.0162370 -0.0004104  0.0232107 -0.0011774 -0.0012179  0.0000190  0.0009125  0.0008584  0.0010097 -0.0001346 -0.0001898 -0.0008587  0.0004357 -0.0000085 -0.0014775  0.0081726 -0.0109406 -0.0003635  0.0001389
6  3 -0.0859930  0.0267431  0.0897523 -0.1194526 -0.0275241  0.0362130  0.0153597  0.0002506  0.0008462 -0.0244102 -0.0092279  0.0216456  0.0221290 -0.0452942  0.0278735  0.0079814 -0.0013668 -0.0089366 -0.0063888 -0.0083255  0.0057328 -0.0427372  0.0369671  0.0072875 -0.0135684 -0.0000141 -0.0005057 -0.0006429  0.0016910  0.0008605  0.0001290  0.0001106  0.0031146 -0.0004456  0.0008395  0.0018825  0.0031396  0.0002319 -0.0003018 -0.0006048  0.0004168 -0.0003077  0.0000924  0.0002753  0.0008237  0.0018491 -0.0004542 -0.0019509  0.0067805  0.0330135 -0.0219702  0.0000195  0.0109879  0.0013287  0.0004893  0.0026226  0.0089140 -0.0398115  0.0213226  0.0005337 -0.0015185 -0.0009921  0.0002952  0.0009552  0.0000269  0.0001019 -0.0001747 -0.0000846  0.0009834 -0.0001009 -0.0004493 -0.0011297 -0.0041015  0.0031867 -0.0001425  0.0004348
7  0  0.1503668        NaN -0.0779583        NaN  0.1000709        NaN -0.0148992        NaN -0.0346161        NaN -0.3841702        NaN -0.0067424        NaN -0.1393554        NaN -0.2388629        NaN  0.0080955        NaN  0.0030596        NaN  0.1058752        NaN  0.0012253        NaN  0.0036912        NaN  0.0013163        NaN -0.0064520        NaN -0.0037166        NaN -0.0038688        NaN  0.0042000        NaN -0.0010304        NaN -0.0011362        NaN  0.0044258        NaN  0.0015439        NaN  0.0005776        NaN -0.0084335        NaN -0.0092531        NaN -0.1337297        NaN  0.0117879        NaN  0.0040232        NaN  0.0134492        NaN  0.0005381        NaN  0.0002256        NaN  0.0023411        NaN  0.0013299        NaN  0.0015386        NaN  0.0000990        NaN -0.0089074        NaN  0.0021275        NaN
7  1 -0.1700786 -0.4554664  0.0909498 -0.0079891 -0.0232567  0.0022118  0.1053772  0.0457635  0.0422797  0.8030478 -0.0221431 -0.0406709 -0.1708952  0.9397445 -0.0000145  0.0081601  0.0087425  0.0239258 -0.0711283 -0.0107232 -0.1147887 -0.1461664  0.0169758  0.0397219 -0.0021016  0.0015461  0.0037366 -0.0046955  0.0015267  0.0067138  0.0010420  0.0011840 -0.0010054 -0.0002383 -0.0038085 -0.0033658  0.0019018 -0.0005625  0.0026261 -0.0052142 -0.0007371 -0.0035365  0.0000463 -0.0002605 -0.0004670  0.0025944  0.0032728  0.0009520  0.0899024  0.0153338 -0.0176581 -0.0197410  0.0001918  0.0132155 -0.0121042  0.0133903 -0.0746083 -0.0259184  0.0161190  0.0236252  0.0007890 -0.0014671 -0.0012830  0.0004075 -0.0045743 -0.0008144  0.0000912 -0.0004704 -0.0016022  0.0002488  0.0015537 -0.0008446  0.0065242 -0.0011949 -0.0007718  0.0000751
7  2 -0.1737467 -0.0347507  0.2609773 -0.0628333 -0.0264241  0.0211633  0.0017113 -0.0048009 -0.0141378  0.0106227 -0.1458661  0.0283035  0.0151508 -0.0090729 -0.0586816 -0.1069869 -0.0001546  0.0245524 -0.0088618 -0.0058688  0.0193353 -0.0091736  0.0501312 -0.0559264 -0.0301950  0.0131574 -0.0014080 -0.0013820  0.0019170  0.0016152 -0.0020756  0.0005699  0.0026194 -0.0149994  0.0001297  0.0013337  0.0046723 -0.0048803 -0.0007217  0.0004322 -0.0005370  0.0006319  0.0006533  0.0000063 -0.0015858  0.0049722 -0.0006080 -0.0007623 -0.0159334 -0.0049920 -0.0067908  0.0267943  0.0066824 -0.0041231  0.0057870 -0.0027787  0.0179777  0.0006042  0.0097052 -0.0372909  0.0001642 -0.0017871  0.0002684  0.0003987  0.0005946  0.0005142  0.0004688  0.0000577 -0.0010886 -0.0006500 -0.0003979 -0.0002009 -0.0107143  0.0069883 -0.0003376 -0.0004618
7  3  0.0066238  0.0370199  0.0103492  0.0072388 -0.0140702 -0.0065579  0.0048262 -0.0146353  0.0465190 -0.0057931  0.0308913 -0.0078893 -0.0465508  0.0363504 -0.0120814 -0.0306712  0.0073179 -0.0047919 -0.0005536  0.0090723 -0.0464203  0.0052159 -0.0285649 -0.0274214 -0.0039896 -0.0011588 -0.0018606  0.0016018  0.0022287 -0.0009305 -0.0007939 -0.0004891  0.0024769  0.0012090  0.0007867  0.0004470 -0.0013758  0.0005093 -0.0002608 -0.0005653 -0.0002649 -0.0001798  0.0001824  0.0000408 -0.0014532 -0.0037700 -0.0009479 -0.0004932  0.0224008 -0.0046637  0.0178566  0.0228357  0.0023873  0.0000337  0.0008735 -0.0011950 -0.0317961  0.0085809 -0.0230623 -0.0270631  0.0002951  0.0024153  0.0007967 -0.0000756  0.0027631  0.0001395  0.0001410 -0.0000091  0.0008133  0.0002251 -0.0007907 -0.0001306 -0.0013254  0.0003580  0.0000050  0.0002926
8  0 -0.2773702        NaN -0.0100484        NaN -0.0137544        NaN -0.0762673        NaN  0.0553200        NaN  0.0136195        NaN  0.1611112        NaN  0.0210128        NaN  0.0097001        NaN  0.0514272        NaN -0.0041184        NaN  0.0056044        NaN  0.0012860        NaN -0.0081429        NaN  0.0017511        NaN  0.0008843        NaN  0.0009409        NaN  0.0034448        NaN  0.0041156        NaN  0.0040019        NaN -0.0091277        NaN -0.0003356        NaN -0.0001754        NaN  0.0002419        NaN  0.0273300        NaN -0.0009390        NaN -0.0009415        NaN  0.0166456        NaN -0.0005670        NaN  0.0053112        NaN -0.0015064        NaN  0.0009493        NaN -0.0059088        NaN  0.0002032        NaN -0.0006484        NaN -0.0005287        NaN  0.0013318        NaN  0.0001461        NaN
8  1 -0.0832070  0.0763509  0.2626005  0.1867859 -0.1834676 -0.1604942  0.0330940  0.0305169  0.0578129 -0.0252720 -0.3182171 -0.4210159  0.0239158 -0.0112452 -0.1259316 -0.3760684  0.2581908  0.2115200 -0.0016311 -0.0118998 -0.0109583 -0.0053467  0.1158080  0.0747969 -0.0530775  0.0441741 -0.0006435  0.0001465  0.0025534  0.0000106 -0.0030424 -0.0031328  0.0035779 -0.0014905  0.0003503 -0.0013954  0.0006229  0.0154766 -0.0010246  0.0003007  0.0014964  0.0034435  0.0012765  0.0014653 -0.0030699  0.0076295 -0.0009760  0.0004486 -0.0114699  0.0101552 -0.0598678 -0.0029543  0.0729583  0.0908315 -0.0065718 -0.0134085  0.0013353 -0.0049131  0.0463531 -0.0203081  0.0000673 -0.0088114  0.0008130  0.0005474 -0.0011724  0.0019499  0.0004074  0.0007687 -0.0040791  0.0072735 -0.0009312 -0.0002234 -0.0064828  0.0012000  0.0013707  0.0001587
8  2  0.0743079  0.2372880 -0.0167043 -0.0363601  0.0060441  0.0061484  0.0429538  0.0215041 -0.0508772 -0.2228831  0.0231490  0.0544026  0.1148297  0.0110558  0.0006659  0.0199225 -0.0013837 -0.0208864 -0.0218082  0.0007206  0.0882798  0.0513022 -0.0176155 -0.0032713  0.0012682 -0.0007575  0.0024050 -0.0013143 -0.0018282 -0.0023510 -0.0005650  0.0000313  0.0000005 -0.0018110 -0.0020794  0.0025070 -0.0008876  0.0029912 -0.0033369 -0.0018967 -0.0002690 -0.0014428  0.0000713 -0.0000566  0.0001361 -0.0023984 -0.0025068 -0.0020769 -0.0537024  0.0678178  0.0079466  0.0000648 -0.0015181  0.0025162 -0.0054684 -0.0098797  0.0542801 -0.0295555 -0.0076530 -0.0027490  0.0000548  0.0000072  0.0021902  0.0005788 -0.0016153 -0.0011016  0.0000787 -0.0000757  0.0022367  0.0006501 -0.0021735 -0.0009504 -0.0022898  0.0107866 -0.0000209  0.0004103
8  3  0.1656654 -0.0280463 -0.0267484  0.0108086  0.0428293 -0.0171413 -0.0172587 -0.0013937  0.0381230 -0.0154032 -0.0194124 -0.0297585 -0.0072325  0.0055621  0.0259066  0.0278710 -0.0098225  0.0110159  0.0056973  0.0006235 -0.0173422 -0.0000332  0.0191741  0.0471740  0.0185415 -0.0079315  0.0004605  0.0003150 -0.0025895 -0.0020735  0.0000271  0.0000080 -0.0037284 -0.0018318 -0.0007684  0.0005311 -0.0011115 -0.0017432  0.0001944 -0.0001376 -0.0005100  0.0005309 -0.0000701  0.0000826  0.0008919 -0.0006942  0.0004697 -0.0000508 -0.0015005  0.0157478 -0.0078847 -0.0322246 -0.0146175  0.0119750  0.0014868  0.0015995 -0.0104430 -0.0074707  0.0133131  0.0295142  0.0000299  0.0009530 -0.0003669  0.0001784  0.0000159 -0.0004505 -0.0001373  0.0001225  0.0007267  0.0004263  0.0004486 -0.0004263  0.0051091 -0.0047765  0.0005710  0.0005860
9  0 -0.0009770        NaN  0.0825017        NaN  0.1317656        NaN -0.0126975        NaN  0.0042202        NaN -0.1210693        NaN -0.0023886        NaN -0.0995336        NaN -0.2648815        NaN  0.0101558        NaN  0.0019686        NaN -0.0010082        NaN -0.0119338        NaN  0.0009418        NaN -0.0010279        NaN -0.0023773        NaN -0.0020873        NaN -0.0017695        NaN -0.0031566        NaN -0.0003119        NaN  0.0015329        NaN  0.0025049        NaN  0.0010274        NaN  0.0005296        NaN -0.0211651        NaN  0.0120889        NaN -0.1571943        NaN  0.0092323        NaN  0.0139614        NaN -0.0219695        NaN -0.0006355        NaN -0.0001905        NaN -0.0018932        NaN  0.0002693        NaN -0.0003241        NaN  0.0004249        NaN  0.0058441        NaN  0.0004487        NaN
9  1 -0.0857025 -0.2066309  0.0487176 -0.0720312 -0.0309721  0.0256198  0.1491586 -0.0314670  0.2232159  0.3486986  0.0032585  0.0001623  0.0049060  0.8381475  0.0002081  0.0116295  0.0109681  0.0058256 -0.0872865 -0.0226475 -0.1316651  0.0246113  0.0013305  0.0189709  0.0031190 -0.0029972  0.0057044 -0.0010995  0.0031371  0.0028976  0.0002868  0.0013059 -0.0015925  0.0031109  0.0000345  0.0022953 -0.0011457  0.0000679  0.0004127 -0.0049059 -0.0004504 -0.0025393 -0.0001447 -0.0003091  0.0016932 -0.0023723 -0.0002953 -0.0013164  0.0798276 -0.0208484 -0.0013877 -0.0076852  0.0107500  0.0091822 -0.0159806  0.0023264 -0.0692187  0.0166896  0.0024945  0.0117958 -0.0015835  0.0001559  0.0002577  0.0010543  0.0029997 -0.0001846  0.0001042 -0.0003507  0.0025222  0.0007659 -0.0004489 -0.0015491 -0.0023644  0.0080343 -0.0003772  0.0004203
9  2  0.1365910 -0.0111752 -0.0070037 -0.0123797 -0.0464451 -0.0250360 -0.0356577 -0.0010612 -0.0013770 -0.0124143 -0.1310965  0.0019392  0.0013224  0.0240491 -0.0499895 -0.1299295  0.0335482  0.0235406  0.0081162 -0.0023528 -0.0025874  0.0165352  0.0701838 -0.0338587  0.0431876 -0.0036924 -0.0016935  0.0012607 -0.0034543 -0.0023141 -0.0016509  0.0004540  0.0000541 -0.0032178 -0.0012769 -0.0002394  0.0041788 -0.0026193  0.0002072 -0.0008459  0.0004388 -0.0014341  0.0008100  0.0003910  0.0019699 -0.0034101  0.0006395 -0.0011394  0.0174715  0.0095720 -0.0137493  0.0097571 -0.0114466  0.0056904  0.0072174  0.0005262 -0.0142238 -0.0002817  0.0199743 -0.0263906  0.0013137  0.0077403  0.0000305  0.0010865 -0.0008003 -0.0007791  0.0004789  0.0002412  0.0006268 -0.0018919  0.0002932 -0.0011463  0.0133143 -0.0084525  0.0013817  0.0000740
9  3 -0.0215502  0.0300988  0.0216761 -0.0479846 -0.0185072  0.0113396 -0.0033027 -0.0135958  0.0481830 -0.0012415 -0.0123462  0.0021424 -0.0525447  0.0506172  0.0159390 -0.0212377  0.0095438 -0.0060109 -0.0033132  0.0014958 -0.0494132  0.0067865  0.0275743 -0.0306313  0.0039575  0.0019817  0.0000446 -0.0025918  0.0021013  0.0001799 -0.0004880  0.0001151 -0.0035027 -0.0018655 -0.0009842  0.0012669  0.0017266 -0.0021774  0.0005322  0.0001876 -0.0020446  0.0000072  0.0002444  0.0000635  0.0019611  0.0022162  0.0008527 -0.0005221  0.0283215  0.0098872 -0.0159260  0.0224354  0.0032038 -0.0005943 -0.0001536  0.0024939 -0.0247770 -0.0013361  0.0159523 -0.0239379 -0.0003427 -0.0023929 -0.0003485  0.0001228 -0.0033738 -0.0005356 -0.0000799 -0.0000928 -0.0004473 -0.0009248  0.0003680 -0.0001760  0.0000669 -0.0005654 -0.0003152 -0.0001178
10 0 -0.1264808        NaN -0.0378476        NaN -0.0056408        NaN -0.1039480        NaN -0.0529014        NaN -0.0059385        NaN  0.0816134        NaN -0.0003611        NaN  0.0007486        NaN  0.0735525        NaN  0.0364276        NaN -0.0164737        NaN -0.0000714        NaN -0.0008584        NaN  0.0043212        NaN  0.0001204        NaN  0.0010909        NaN  0.0014219        NaN -0.0011064        NaN  0.0013771        NaN -0.0100462        NaN  0.0001300        NaN  0.0021605        NaN -0.0002805        NaN  0.0045793        NaN  0.0137885        NaN -0.0037375        NaN  0.0204581        NaN  0.0136122        NaN -0.0081595        NaN -0.0006473        NaN  0.0009738        NaN -0.0067659        NaN  0.0003037        NaN  0.0025461        NaN -0.0008403        NaN -0.0030639        NaN  0.0001939        NaN
10 1 -0.0457656 -0.0424485 -0.0850590 -0.0944438 -0.2486605  0.1114983  0.0083237  0.0152986 -0.0073283 -0.0165489 -0.2006562 -0.0829294 -0.0052807  0.0432094 -0.1169783 -0.3097794  0.0078214 -0.0831743 -0.0010959 -0.0067812  0.0070927 -0.0031010  0.0828457 -0.0020324  0.0681622 -0.0204184 -0.0001589  0.0017376 -0.0037373 -0.0002820 -0.0031726 -0.0007777  0.0013839 -0.0076166 -0.0013222 -0.0027007  0.0058885  0.0113865  0.0001594 -0.0004248 -0.0019182 -0.0038530  0.0009669  0.0009400 -0.0023839  0.0024764  0.0008140  0.0004046  0.0165015  0.0264463 -0.0229353  0.0250949 -0.0085923 -0.0094839 -0.0015637 -0.0066404 -0.0082569 -0.0169462  0.0119068 -0.0510543  0.0042678  0.0015848  0.0002864  0.0006940  0.0012857 -0.0021628  0.0008106  0.0004430  0.0014964 -0.0020925  0.0000085 -0.0004392  0.0077046 -0.0003667  0.0027542  0.0004366
10 2  0.0956669  0.2016480 -0.0455040 -0.0581999  0.0041886  0.0108056  0.0483256  0.0136388 -0.0578306 -0.1868826  0.0220020  0.0285438  0.1059172 -0.0211384  0.0167155  0.0273236 -0.0008721 -0.0104004 -0.0299388 -0.0054044  0.0816414 -0.0024581  0.0012625  0.0032681 -0.0014303 -0.0015265  0.0006973 -0.0086761 -0.0042659  0.0038993 -0.0003518 -0.0002556 -0.0009499  0.0024402 -0.0004668  0.0053920  0.0017496 -0.0027890 -0.0006779 -0.0005072  0.0036380  0.0005086  0.0001674 -0.0000485  0.0023712  0.0028225 -0.0000126 -0.0023259 -0.0456123  0.1008307 -0.0041302  0.0011433  0.0027896  0.0003857 -0.0094067 -0.0035291  0.0457554 -0.0671538  0.0062671 -0.0017172 -0.0013142 -0.0012244  0.0004262  0.0002366  0.0017713  0.0010058  0.0000325 -0.0002030 -0.0009138  0.0003552 -0.0005283 -0.0006363  0.0053498 -0.0118632 -0.0001423  0.0002122
10 3 -0.0444400  0.0384517  0.1002672 -0.0291027 -0.0006346  0.0332548  0.0044126  0.0074312 -0.0246907 -0.0203875 -0.0213584 -0.0086254  0.0074370 -0.0254237  0.0208584  0.0157960 -0.0049800 -0.0041852  0.0003199  0.0000162  0.0004511 -0.0095102  0.0147760  0.0358759 -0.0135798  0.0104017 -0.0003799 -0.0003958  0.0019410  0.0022333 -0.0005840 -0.0016722  0.0017694 -0.0025694 -0.0005170  0.0001455  0.0037514  0.0003056  0.0006945  0.0005999  0.0010101 -0.0008601  0.0000972  0.0009265  0.0022151  0.0035023  0.0007133  0.0002600  0.0124329  0.0061119 -0.0080879 -0.0140265  0.0111678 -0.0045215 -0.0000255 -0.0035085  0.0028776 -0.0156476  0.0094089  0.0113224 -0.0027732 -0.0019658 -0.0005340 -0.0001617  0.0003913  0.0002996 -0.0001042  0.0002188  0.0018858  0.0000479  0.0005800  0.0002398 -0.0060249  0.0054370 -0.0002306  0.0002071
11 0  0.0247901        NaN -0.1724531        NaN  0.0924041        NaN -0.0057496        NaN -0.0036091        NaN  0.1089290        NaN  0.0142129        NaN -0.0204365        NaN -0.2374726        NaN  0.0030816        NaN  0.0096302        NaN -0.0844911        NaN  0.0132770        NaN  0.0000633        NaN -0.0015590        NaN  0.0004413        NaN -0.0024210        NaN -0.0017708        NaN  0.0019832        NaN -0.0006941        NaN  0.0000679        NaN  0.0003312        NaN  0.0019014        NaN -0.0007657        NaN -0.0107342        NaN  0.0519443        NaN -0.1514690        NaN  0.0127411        NaN  0.0121871        NaN -0.0629674        NaN  0.0000176        NaN  0.0007129        NaN  0.0013452        NaN  0.0001731        NaN  0.0014985        NaN -0.0003069        NaN -0.0043886        NaN  0.0007856        NaN
11 1 -0.0404368  0.2590620 -0.0317598 -0.0392309 -0.0356399  0.0534283  0.1486535  0.0300927  0.2196728 -0.1443396  0.0295677  0.0075517  0.0714525  0.5500141  0.0163824  0.0217144  0.0119152 -0.0037580 -0.0992946 -0.0087823 -0.0936673  0.1724600 -0.0011698  0.0141105 -0.0018502 -0.0005774 -0.0009428 -0.0104914 -0.0011815 -0.0004625  0.0013680  0.0006890  0.0002429 -0.0004053  0.0001926  0.0083398  0.0026517  0.0009740  0.0020252 -0.0034770 -0.0000381 -0.0006849 -0.0003839 -0.0005501 -0.0006938  0.0030015  0.0004968 -0.0034261  0.0521299 -0.0447399  0.0039375 -0.0080935  0.0087909  0.0013309 -0.0193710  0.0038488 -0.0456077  0.0435041 -0.0002941  0.0118378  0.0007723 -0.0011868  0.0006267  0.0018684 -0.0044049 -0.0003743 -0.0001769 -0.0002853 -0.0012390  0.0000179 -0.0001343 -0.0027259  0.0046266 -0.0020206 -0.0003536  0.0002359
11 2 -0.0406193 -0.0269834  0.1029783 -0.0927624 -0.0500003  0.0433520 -0.0246489 -0.0039872 -0.0041465  0.0075253 -0.0176488  0.0118461 -0.0194858  0.0023019 -0.0615199 -0.1200825  0.0267801  0.0025084  0.0112019 -0.0006014  0.0033854  0.0004179  0.0220665 -0.0235555 -0.0259792  0.0182333 -0.0002095  0.0012650  0.0030043  0.0010249 -0.0002139 -0.0003265 -0.0028787 -0.0150287 -0.0004063 -0.0011575  0.0033227 -0.0069116 -0.0013567  0.0002822 -0.0008486  0.0017005  0.0006437  0.0008829 -0.0003770  0.0056339 -0.0013492  0.0003568 -0.0122723 -0.0125461 -0.0062239  0.0205708  0.0123646 -0.0130748  0.0023510  0.0001217  0.0059407  0.0110040 -0.0000815 -0.0292911 -0.0012481 -0.0044679  0.0011384  0.0003451  0.0016268  0.0010836  0.0001742  0.0001572 -0.0000231 -0.0010632 -0.0011747 -0.0002641 -0.0159522  0.0095129  0.0001472  0.0003185
11 3 -0.0462610  0.0519137  0.0256012  0.0196164 -0.0095036  0.0059456  0.0159310 -0.0023602  0.0438638 -0.0115801 -0.0028301  0.0185173 -0.0475964  0.0559224 -0.0005845 -0.0010449  0.0078738 -0.0061758 -0.0070058 -0.0022139 -0.0443576  0.0131281  0.0067357 -0.0037430 -0.0031216 -0.0019546  0.0002056 -0.0003802  0.0034562 -0.0003664 -0.0007045 -0.0007881  0.0019927  0.0014853 -0.0000159  0.0004929 -0.0022127  0.0010032  0.0007143  0.0007164 -0.0006482 -0.0004685  0.0001747  0.0005413 -0.0017417 -0.0031607  0.0008878 -0.0003396  0.0219025 -0.0036680 -0.0014672  0.0005927  0.0018682 -0.0013368 -0.0041974 -0.0017109 -0.0259917  0.0081114 -0.0000181 -0.0042710  0.0006302  0.0025896 -0.0003265  0.0000303  0.0027159 -0.0000146  0.0001750  0.0000691  0.0003666  0.0005963  0.0004631 -0.0000361 -0.0010122  0.0007656 -0.0001821  0.0001583
12 0 -0.0159017        NaN -0.0413332        NaN -0.0087246        NaN -0.0402968        NaN -0.1219279        NaN -0.0218525        NaN  0.0157209        NaN -0.0025986        NaN -0.0016812        NaN  0.0488186        NaN  0.0674719        NaN -0.0110725        NaN  0.0005404        NaN  0.0009359        NaN -0.0049330        NaN  0.0000781        NaN  0.0004753        NaN -0.0009342        NaN  0.0037587        NaN  0.0005869        NaN -0.0045686        NaN  0.0004337        NaN -0.0002150        NaN  0.0015295        NaN -0.0147015        NaN  0.0144374        NaN -0.0017591        NaN  0.0122116        NaN  0.0338068        NaN -0.0070483        NaN -0.0015190        NaN  0.0000217        NaN -0.0039694        NaN  0.0002159        NaN -0.0007274        NaN  0.0001130        NaN  0.0027234        NaN  0.0000056        NaN
12 1 -0.0208128  0.0216790 -0.0751264 -0.4086537 -0.1783275 -0.0182455  0.0139369 -0.0159210  0.0279313 -0.0171933  0.0980500  0.3293422  0.0141753 -0.0035290 -0.0481342 -0.1351982  0.2210431  0.0909853 -0.0043974  0.0010918 -0.0107813 -0.0025022 -0.0278247 -0.1155301 -0.0438806  0.0408233 -0.0004952  0.0011114  0.0032311  0.0015429  0.0020817  0.0019129 -0.0044845 -0.0109612  0.0022818 -0.0021687 -0.0010774  0.0071808  0.0000839  0.0015008  0.0030665  0.0046503 -0.0009389 -0.0002587  0.0024649  0.0089673 -0.0001316  0.0027126 -0.0032193  0.0124099  0.0009944  0.0726756  0.0824855  0.0454522 -0.0053446  0.0028809 -0.0010703 -0.0095329 -0.0212871 -0.0927590 -0.0040037 -0.0042778  0.0004000 -0.0013394 -0.0008408  0.0025815 -0.0000482 -0.0004749 -0.0013700  0.0052409 -0.0006598  0.0015586 -0.0080864 -0.0000076  0.0011676  0.0006346
12 2  0.1210032  0.1783835 -0.0333784  0.0039334  0.0075452 -0.0014143  0.0411110  0.0035090 -0.0810730 -0.1606610  0.0170867 -0.0064181  0.0713309 -0.0790039  0.0070369  0.0363521 -0.0037856 -0.0041327 -0.0302139 -0.0048313  0.0740509 -0.0408483 -0.0120382  0.0240635 -0.0001121 -0.0003718  0.0000082 -0.0017361 -0.0013822 -0.0020350 -0.0000016 -0.0004786  0.0004225 -0.0009411  0.0017560  0.0035109 -0.0011055  0.0039987 -0.0016242  0.0010206 -0.0004004 -0.0020127 -0.0001223  0.0000501 -0.0002997 -0.0016108 -0.0020227 -0.0010777 -0.0357382  0.1151176  0.0011036 -0.0045834 -0.0042596 -0.0014162 -0.0045811 -0.0024713  0.0330899 -0.0788727  0.0010984  0.0070378  0.0006490 -0.0004325  0.0012870 -0.0003013 -0.0023926 -0.0013089  0.0000281 -0.0000389  0.0016439  0.0013559 -0.0014369  0.0002508 -0.0036444  0.0121209  0.0003209  0.0004287
12 3  0.0550498 -0.0058692  0.0381208  0.0410911  0.0304438 -0.0030486 -0.0165796 -0.0013994 -0.0040728 -0.0132083 -0.0056532 -0.0152119 -0.0129990 -0.0016065  0.0062256  0.0209418 -0.0126720  0.0105672  0.0060021  0.0030670 -0.0028836 -0.0035607 -0.0172895  0.0350723  0.0178524 -0.0053190 -0.0015437 -0.0003501 -0.0032055 -0.0018711 -0.0010939 -0.0017304 -0.0055697 -0.0015376 -0.0003351 -0.0003302 -0.0034016 -0.0034479  0.0009900 -0.0002540 -0.0009812  0.0007172  0.0001388  0.0010991  0.0010385 -0.0022216  0.0007831 -0.0005104 -0.0089304  0.0173726  0.0091103 -0.0226538 -0.0103391  0.0100027  0.0017488 -0.0000888 -0.0048625 -0.0105820 -0.0089807  0.0199400  0.0009906  0.0017016 -0.0003740  0.0004376 -0.0003324 -0.0005780  0.0000349  0.0002300  0.0002827  0.0005845  0.0005864 -0.0002797  0.0063937 -0.0061913  0.0000835 -0.0001214
13 0  0.0054823        NaN -0.0732505        NaN  0.0181320        NaN  0.0024679        NaN  0.0301128        NaN  0.2363051        NaN  0.0165078        NaN  0.0323664        NaN -0.1734846        NaN -0.0012456        NaN  0.0049313        NaN -0.1295869        NaN -0.0168381        NaN -0.0011786        NaN -0.0001501        NaN  0.0051842        NaN -0.0006970        NaN  0.0016092        NaN -0.0005775        NaN  0.0000865        NaN -0.0001404        NaN -0.0019739        NaN  0.0015640        NaN -0.0007037        NaN -0.0264725        NaN  0.0432041        NaN -0.1450090        NaN  0.0087307        NaN  0.0132878        NaN -0.0612938        NaN -0.0032078        NaN  0.0002668        NaN -0.0007873        NaN -0.0007630        NaN  0.0020630        NaN -0.0002899        NaN  0.0023788        NaN -0.0002695        NaN
13 1  0.0913125  0.6609931 -0.0463263 -0.0191280 -0.0231928  0.0493445  0.1312136 -0.0045828  0.0937815 -0.4944666  0.0402600  0.0002804  0.0547782  0.1764097  0.0167257  0.0199368  0.0075520 -0.0179319 -0.0637297 -0.0148037 -0.0240941  0.2409301  0.0021200  0.0136500  0.0030933 -0.0020918 -0.0017448 -0.0037978 -0.0033514 -0.0021843  0.0008946  0.0002867 -0.0003349  0.0017574  0.0027237  0.0097693 -0.0013828  0.0016019  0.0002514 -0.0012704  0.0027739  0.0005339 -0.0005698 -0.0004676  0.0009524 -0.0010722 -0.0017652 -0.0041781  0.0107399 -0.0575968 -0.0006152 -0.0093973  0.0119001 -0.0009533 -0.0145055 -0.0036959 -0.0170530  0.0407800  0.0010032  0.0127650 -0.0010461  0.0002136  0.0016126  0.0019395  0.0046266  0.0005892 -0.0001736  0.0000339  0.0015764  0.0013376 -0.0015253 -0.0024621 -0.0031134  0.0054871  0.0000393  0.0002422
13 2 -0.0086356 -0.0093279 -0.1017014 -0.1335998 -0.0325713 -0.0034250 -0.0324973  0.0033779  0.0032427  0.0075173  0.0890767  0.0767524 -0.0072844  0.0193960 -0.0375474 -0.0334445  0.0288531  0.0027900  0.0118749  0.0007307  0.0048106  0.0077282 -0.0205996  0.0034055  0.0346927 -0.0052636 -0.0005304  0.0012199 -0.0046105 -0.0025852  0.0004875 -0.0011117 -0.0034328 -0.0000611 -0.0005690 -0.0010756 -0.0024419 -0.0034910 -0.0005394 -0.0016200  0.0008301 -0.0021618  0.0003013  0.0011444  0.0014445 -0.0068346 -0.0005437 -0.0019081  0.0017535  0.0050383  0.0198019 -0.0027872 -0.0141558  0.0026136  0.0041438 -0.0006697 -0.0032279  0.0027644 -0.0221261 -0.0010373  0.0022369  0.0103704  0.0005058  0.0021897 -0.0016969 -0.0010009  0.0001903  0.0003202 -0.0005237 -0.0010604 -0.0004008 -0.0022343  0.0180005 -0.0103879  0.0005193  0.0004847
13 3 -0.0399189  0.0693665  0.0032516 -0.0165125 -0.0077064  0.0071117  0.0166932 -0.0131979  0.0405483 -0.0299632 -0.0176680  0.0224088 -0.0389470  0.0515070  0.0079302  0.0012045  0.0043104 -0.0038029 -0.0092766  0.0010267 -0.0339862  0.0265331  0.0199043 -0.0067829  0.0031843  0.0012139 -0.0006487 -0.0046909  0.0018761  0.0002878 -0.0011238 -0.0002315 -0.0022488 -0.0016475  0.0009798  0.0016856  0.0012287 -0.0015365  0.0010753  0.0022719 -0.0023474 -0.0002709  0.0003385  0.0004237  0.0007635  0.0025405  0.0006501  0.0003250  0.0224488 -0.0056814 -0.0072646  0.0010384  0.0020776 -0.0016760 -0.0062877 -0.0005672 -0.0150179  0.0102952  0.0106870 -0.0035376 -0.0000579 -0.0027446 -0.0003480 -0.0004705 -0.0033300 -0.0007223  0.0001941 -0.0000806 -0.0008980 -0.0008339  0.0003132  0.0006211  0.0005122 -0.0007171 -0.0003277 -0.0002834
14 0  0.0823901        NaN -0.0459471        NaN -0.0072794        NaN  0.0511771        NaN -0.1245252        NaN -0.0290359        NaN -0.0365156        NaN -0.0041022        NaN -0.0049381        NaN  0.0087139        NaN  0.0614957        NaN -0.0030126        NaN -0.0010971        NaN  0.0008170        NaN -0.0030517        NaN -0.0006284        NaN  0.0010492        NaN -0.0006971        NaN -0.0017158        NaN -0.0008810        NaN -0.0038889        NaN  0.0005065        NaN  0.0020811        NaN  0.0008929        NaN -0.0201497        NaN  0.0136497        NaN -0.0037355        NaN  0.0029592        NaN  0.0273721        NaN -0.0066292        NaN -0.0000098        NaN  0.0000925        NaN -0.0053653        NaN  0.0002256        NaN  0.0017648        NaN -0.0000791        NaN -0.0015293        NaN -0.0000247        NaN
14 1 -0.0221583  0.0260176 -0.3231447 -0.6024568 -0.1470665  0.0889298  0.0119120 -0.0161469 -0.0034655 -0.0066395  0.2912854  0.6321164  0.0015292  0.0277202  0.0543307  0.0873949  0.0358134 -0.0836247 -0.0053583  0.0044087  0.0099580 -0.0012868 -0.0942914 -0.1658406  0.0526182 -0.0148806 -0.0002013  0.0006209 -0.0045219 -0.0017450  0.0047872  0.0026089 -0.0026429 -0.0083553  0.0004315 -0.0009442  0.0014730 -0.0017121 -0.0002858  0.0001436 -0.0028828 -0.0057725 -0.0026008 -0.0010456 -0.0001062  0.0007942 -0.0006986  0.0009459  0.0124027  0.0191705  0.0445058  0.0578942  0.0256702 -0.0167542 -0.0053316  0.0059475 -0.0019449 -0.0142975 -0.0530809 -0.0776165  0.0034782  0.0007262  0.0006687 -0.0000635  0.0013919 -0.0027857 -0.0003329 -0.0007020  0.0023194 -0.0037930 -0.0006637  0.0002054  0.0091135  0.0006811  0.0009081  0.0008672
14 2  0.1707211  0.1155271 -0.0228489 -0.0119472  0.0052388 -0.0048005  0.0024932 -0.0209530 -0.1081632 -0.1204597  0.0000155 -0.0095680  0.0224701 -0.1548395  0.0035602  0.0218878 -0.0041566  0.0022910 -0.0160366  0.0064588  0.0625177 -0.0720048 -0.0158139  0.0123153 -0.0018471 -0.0019981 -0.0022556 -0.0068689 -0.0027809  0.0035301 -0.0001377 -0.0004543 -0.0004552  0.0025903  0.0033245  0.0014765  0.0014944 -0.0022573  0.0004440  0.0029091  0.0031904  0.0008046  0.0001107  0.0001425  0.0014923  0.0030274 -0.0006430  0.0016839 -0.0253912  0.1147257  0.0080276 -0.0014032 -0.0016022 -0.0014994 -0.0020813  0.0040963  0.0222374 -0.0861712 -0.0047040 -0.0012719 -0.0009873 -0.0015191  0.0002661 -0.0018796  0.0026018  0.0009873 -0.0001206 -0.0000906 -0.0011247  0.0006235 -0.0003074  0.0019387  0.0032950 -0.0130490  0.0000413  0.0002424
14 3  0.0119311 -0.0047389  0.0832859  0.0144700  0.0160789  0.0241937 -0.0165586  0.0027154 -0.0248884 -0.0151290  0.0197558  0.0028826  0.0039167 -0.0210785  0.0105527  0.0190786 -0.0018495 -0.0091756  0.0081655  0.0041431  0.0065895 -0.0013593 -0.0150561  0.0160938 -0.0087409  0.0082405 -0.0012706  0.0008738  0.0027387  0.0012896 -0.0009849 -0.0006747 -0.0001816 -0.0008824  0.0001403 -0.0011243  0.0036393 -0.0000831  0.0005839 -0.0000498  0.0012403 -0.0007719  0.0002439  0.0007576  0.0030331  0.0026271  0.0002326  0.0000060  0.0065300  0.0046954  0.0003023 -0.0049296  0.0109627 -0.0069201  0.0025218 -0.0003779  0.0054777 -0.0138271 -0.0051014  0.0018024 -0.0034238 -0.0016445  0.0000946 -0.0001262  0.0008487  0.0004496 -0.0000577  0.0000246  0.0021148 -0.0015744  0.0000079  0.0003360 -0.0065675  0.0070586 -0.0001593 -0.0003487
15 0 -0.0364268        NaN -0.1552805        NaN -0.0985199        NaN  0.0196568        NaN  0.0217573        NaN  0.2103217        NaN  0.0348491        NaN  0.0775142        NaN -0.0713360        NaN -0.0063105        NaN  0.0238471        NaN -0.0850049        NaN  0.0149044        NaN -0.0000308        NaN -0.0020290        NaN  0.0065577        NaN  0.0016379        NaN -0.0002320        NaN  0.0013352        NaN -0.0010718        NaN  0.0004382        NaN -0.0031317        NaN  0.0010532        NaN -0.0020064        NaN -0.0154434        NaN  0.0339336        NaN -0.1016418        NaN  0.0038217        NaN  0.0209233        NaN -0.0409211        NaN  0.0000209        NaN  0.0012905        NaN  0.0003840        NaN -0.0009123        NaN  0.0009137        NaN -0.0011951        NaN -0.0012740        NaN -0.0001283        NaN
15 1  0.1717977  0.7143682 -0.0339141 -0.0034932 -0.0073889  0.0248904  0.0659945  0.0274757 -0.0229036 -0.5577343  0.0184041 -0.0067286  0.0060087 -0.1468280 -0.0149746  0.0118039  0.0028477 -0.0161976 -0.0424987  0.0004976  0.0243869  0.2143091 -0.0249026  0.0050370 -0.0003557 -0.0001151 -0.0042760 -0.0079248 -0.0057544 -0.0023864  0.0012854  0.0002170 -0.0000796 -0.0020073  0.0021644  0.0094211  0.0017988  0.0007776  0.0015051  0.0020686  0.0033177  0.0010163 -0.0003007 -0.0004335 -0.0010664  0.0020841  0.0003349 -0.0020773 -0.0146580 -0.0500384  0.0150115 -0.0007451  0.0066228 -0.0022425 -0.0125794 -0.0038912  0.0036769  0.0180512 -0.0172127  0.0043739  0.0010470 -0.0004814  0.0007893  0.0001564 -0.0021511  0.0001395 -0.0004331  0.0000164 -0.0012440 -0.0007855 -0.0004336 -0.0007997  0.0014815 -0.0044570 -0.0000699  0.0002000
15 2 -0.0219414 -0.0343211 -0.0683729 -0.1689429  0.0040739  0.0185603 -0.0184403 -0.0135403  0.0228346  0.0086891  0.2022685  0.0786171 -0.0070044  0.0014522 -0.0020338  0.0367658  0.0079517 -0.0097425  0.0068338  0.0035473  0.0025106 -0.0001649 -0.0501345 -0.0098109 -0.0196573  0.0119311  0.0005328  0.0013455  0.0036326  0.0015032  0.0013224  0.0003654 -0.0044637 -0.0063511  0.0008422 -0.0005484  0.0014226 -0.0070898  0.0005467  0.0003349 -0.0011645  0.0024823 -0.0000523  0.0002547 -0.0007177  0.0033369  0.0004988  0.0002449 -0.0118445 -0.0118987  0.0149217  0.0107162 -0.0033507 -0.0131807  0.0031927  0.0026497  0.0052652  0.0132359 -0.0214566 -0.0049117 -0.0013573 -0.0066875 -0.0006860  0.0002423  0.0024967  0.0011772 -0.0001384 -0.0000042 -0.0000378 -0.0024249  0.0005027 -0.0002477 -0.0193080  0.0113340 -0.0003571  0.0003310
15 3 -0.0258562  0.0569212  0.0143112  0.0418271 -0.0010882  0.0011343  0.0119364 -0.0012529  0.0300842 -0.0267187 -0.0072671  0.0036298 -0.0304033  0.0398913 -0.0115498 -0.0041396  0.0012578 -0.0007072 -0.0042464 -0.0050972 -0.0264490  0.0276881 -0.0007901 -0.0031866 -0.0022808 -0.0010530 -0.0005410 -0.0005940  0.0025202 -0.0008494 -0.0006796 -0.0012022  0.0021040  0.0002918  0.0008146 -0.0002985 -0.0021109  0.0014141  0.0014073  0.0023470 -0.0003455 -0.0001311  0.0001650  0.0006070 -0.0012147 -0.0017624  0.0004759  0.0009743  0.0132655 -0.0199508  0.0061197 -0.0006273  0.0017041 -0.0018768 -0.0057818 -0.0031580 -0.0145467  0.0144177 -0.0056422 -0.0012272  0.0003030  0.0025497 -0.0003647 -0.0007056  0.0026629  0.0001977  0.0002511  0.0001222  0.0004375  0.0010644  0.0005345  0.0009005 -0.0007502  0.0012268 -0.0001488  0.0000387
16 0  0.1000107        NaN  0.0035191        NaN -0.0076494        NaN  0.1702519        NaN -0.0798294        NaN -0.0410536        NaN -0.0593787        NaN -0.0174214        NaN -0.0041841        NaN -0.0637062        NaN  0.0362080        NaN -0.0112638        NaN -0.0000181        NaN -0.0017813        NaN -0.0077840        NaN  0.0002470        NaN -0.0008200        NaN  0.0006536        NaN  0.0030247        NaN -0.0001788        NaN  0.0004318        NaN  0.0005035        NaN -0.0006012        NaN  0.0015487        NaN -0.0162463        NaN  0.0187422        NaN -0.0020446        NaN -0.0128142        NaN  0.0174872        NaN -0.0126358        NaN -0.0011316        NaN -0.0004113        NaN -0.0012499        NaN -0.0000141        NaN -0.0006300        NaN  0.0004431        NaN  0.0029907        NaN -0.0001989        NaN
16 1  0.0170490  0.0135492 -0.2075956 -0.5384211 -0.0589763  0.0390806  0.0065872 -0.0385556 -0.0045110 -0.0229744  0.3441938  0.5967075  0.0035066 -0.0131344  0.1028676  0.2155938  0.1349589  0.0204992 -0.0090992  0.0112100 -0.0112122  0.0115661 -0.1180605 -0.1523575 -0.0345121  0.0289701  0.0001876  0.0004576  0.0039697  0.0017739  0.0067604  0.0025048 -0.0074685 -0.0044112  0.0023551 -0.0000350 -0.0034606 -0.0004856  0.0005212  0.0013511  0.0039953  0.0061118 -0.0035934 -0.0014424  0.0045214  0.0042049 -0.0000382  0.0022111  0.0052971 -0.0003067  0.0387722  0.0295382  0.0787422  0.0141597 -0.0071426  0.0113567 -0.0072054 -0.0001542 -0.0467626 -0.0422531 -0.0054398  0.0002588 -0.0004065 -0.0013369 -0.0006108  0.0031861 -0.0008111 -0.0009308 -0.0008369  0.0018038  0.0000696  0.0014474 -0.0092370 -0.0014788 -0.0003029  0.0006221
16 2  0.0964163  0.0326538  0.0096641  0.0652787  0.0015106 -0.0061591 -0.0409736 -0.0216966 -0.1049690 -0.0475931 -0.0141963 -0.0460056 -0.0322581 -0.2042077  0.0022769 -0.0029464 -0.0049801  0.0033769  0.0088666  0.0112331  0.0397970 -0.0907514 -0.0033196  0.0057008 -0.0011567  0.0006585 -0.0022931  0.0009069 -0.0007835 -0.0018827  0.0004840 -0.0008585  0.0010016 -0.0015311  0.0032291 -0.0023207 -0.0003708  0.0034142 -0.0002219  0.0026278 -0.0003291 -0.0015405 -0.0001500  0.0002294 -0.0005849 -0.0018899 -0.0018385  0.0024086 -0.0137031  0.0934847 -0.0010796  0.0069032 -0.0062825 -0.0026980  0.0048936  0.0040385  0.0075226 -0.0676909  0.0013934 -0.0081223  0.0008524  0.0004816  0.0008960 -0.0017766 -0.0032992 -0.0010588 -0.0002039  0.0001599  0.0012932  0.0006395 -0.0007664  0.0021648 -0.0031493  0.0123850  0.0003119  0.0001984
16 3 -0.0013877  0.0001002 -0.0069694  0.0027112  0.0135477  0.0068016 -0.0189842 -0.0073676 -0.0121508 -0.0052025  0.0284674  0.0214324 -0.0154722 -0.0024985  0.0081731  0.0384409 -0.0136668  0.0069577  0.0088805  0.0069792  0.0001135 -0.0029973 -0.0333583  0.0131242  0.0113999 -0.0063603 -0.0012315  0.0009231 -0.0031800 -0.0019339 -0.0010850 -0.0003589 -0.0033511  0.0024362  0.0001938 -0.0006820 -0.0049986 -0.0032493  0.0000112 -0.0004632 -0.0013680  0.0010171  0.0003537  0.0004076  0.0000171 -0.0039978 -0.0004384 -0.0003551 -0.0076304  0.0115585  0.0125408 -0.0101853 -0.0041229  0.0053498  0.0018075  0.0021288 -0.0052442 -0.0084331 -0.0157504  0.0083093  0.0017345  0.0023991  0.0006922  0.0001186 -0.0008324 -0.0005298  0.0000223  0.0000517 -0.0002843  0.0006119 -0.0005267 -0.0000674  0.0064342 -0.0070831 -0.0000390 -0.0001675
17 0 -0.0055681        NaN -0.0189734        NaN -0.1830627        NaN  0.0247534        NaN  0.0212408        NaN  0.1103008        NaN  0.0304082        NaN  0.0503801        NaN  0.0210697        NaN -0.0095238        NaN  0.0201174        NaN -0.0380638        NaN -0.0126319        NaN  0.0007274        NaN  0.0010016        NaN  0.0076487        NaN  0.0006910        NaN  0.0004661        NaN  0.0024848        NaN  0.0001659        NaN -0.0014020        NaN -0.0038400        NaN  0.0009284        NaN -0.0001630        NaN -0.0267010        NaN  0.0187569        NaN -0.0737599        NaN -0.0032452        NaN  0.0167850        NaN -0.0211479        NaN -0.0033040        NaN -0.0001828        NaN  0.0001202        NaN -0.0013128        NaN  0.0026052        NaN  0.0000817        NaN -0.0000279        NaN -0.0003805        NaN
17 1  0.0931866  0.5900190 -0.0136719  0.0186681  0.0036345  0.0004061  0.0116025 -0.0239759 -0.0807052 -0.3650749  0.0270794 -0.0262269 -0.0308263 -0.3191073 -0.0104453 -0.0120122 -0.0001394 -0.0114071 -0.0007435 -0.0014790  0.0457448  0.1033414 -0.0100034 -0.0066059  0.0019450  0.0011404 -0.0006861  0.0006347 -0.0058074 -0.0008959  0.0006706 -0.0000788  0.0005732 -0.0007760  0.0022015  0.0055704 -0.0016215  0.0002269 -0.0003821  0.0031707  0.0049796  0.0012733 -0.0002262 -0.0001303  0.0003582 -0.0010555 -0.0004718 -0.0008529 -0.0264916 -0.0312753 -0.0007135  0.0172895  0.0060067 -0.0034653 -0.0080733 -0.0084296  0.0138118 -0.0211659 -0.0047632 -0.0130010 -0.0004265  0.0013262  0.0007475 -0.0008331  0.0059231  0.0007739 -0.0003937  0.0001316  0.0002911  0.0005355 -0.0009277  0.0004964 -0.0022384  0.0029222  0.0000526  0.0001874
17 2 -0.0637313 -0.0059609 -0.1897999 -0.1301118  0.0286206 -0.0036051 -0.0079370 -0.0019556  0.0221406  0.0066955  0.1817482  0.0458071  0.0167169  0.0049521  0.0369339  0.1176715 -0.0110916 -0.0031460  0.0041638  0.0016418  0.0114574  0.0038023 -0.0533790  0.0160591  0.0191118 -0.0114905  0.0007759  0.0014817 -0.0045215 -0.0013832  0.0000463  0.0008499  0.0002257  0.0075828  0.0001792  0.0002502 -0.0069677 -0.0010151  0.0003853 -0.0005051  0.0011413 -0.0028386  0.0001463 -0.0003343 -0.0001179 -0.0088073  0.0003068 -0.0008180 -0.0074521 -0.0027393  0.0234408 -0.0105659 -0.0251328  0.0033579  0.0010432  0.0033814  0.0094437  0.0054933 -0.0165729  0.0232452  0.0026609  0.0108515 -0.0005034  0.0006932 -0.0028113 -0.0013567  0.0000605  0.0000024 -0.0016589  0.0013531  0.0004097 -0.0009579  0.0202164 -0.0114355 -0.0001802  0.0004093
17 3 -0.0113073  0.0722072 -0.0097742  0.0287923  0.0055918 -0.0036136 -0.0116421 -0.0098678  0.0208924 -0.0078079 -0.0155288 -0.0150752 -0.0168931  0.0157460 -0.0227823 -0.0104851 -0.0022066  0.0002205  0.0049716 -0.0031249 -0.0089723  0.0261476 -0.0161575 -0.0029177  0.0019984  0.0015298 -0.0016932 -0.0021671  0.0006348 -0.0000616 -0.0014172 -0.0006735 -0.0011931 -0.0010064  0.0000658 -0.0017707  0.0008907 -0.0012607  0.0012930  0.0018801 -0.0020898 -0.0000054  0.0005199  0.0004001 -0.0004477  0.0020520  0.0003038  0.0011333  0.0063049 -0.0206111  0.0188396  0.0031615  0.0010989 -0.0010524 -0.0017328  0.0007575 -0.0013302  0.0106678 -0.0150821 -0.0026735  0.0002993 -0.0027906 -0.0001966 -0.0005965 -0.0027159 -0.0007770  0.0001656 -0.0000498 -0.0011993 -0.0009879  0.0003236  0.0008974  0.0004244 -0.0012328 -0.0001085 -0.0004165
18 0  0.1062372        NaN  0.0279958        NaN -0.0161823        NaN  0.2270836        NaN -0.0134574        NaN -0.0220706        NaN -0.0504259        NaN -0.0133411        NaN -0.0001848        NaN -0.1090525        NaN  0.0068821        NaN -0.0063688        NaN -0.0015153        NaN -0.0020369        NaN -0.0052918        NaN  0.0008550        NaN  0.0005606        NaN  0.0012691        NaN -0.0021610        NaN -0.0011152        NaN  0.0009350        NaN  0.0000936        NaN  0.0013671        NaN -0.0005752        NaN -0.0105220        NaN  0.0087875        NaN -0.0028054        NaN -0.0226576        NaN  0.0035625        NaN -0.0069340        NaN  0.0009568        NaN  0.0007099        NaN -0.0042115        NaN -0.0000523        NaN  0.0006279        NaN -0.0005641        NaN -0.0008359        NaN -0.0001608        NaN
18 1  0.0296482  0.0520832 -0.1802450 -0.2670910 -0.0135055  0.0283655 -0.0007973 -0.0025631 -0.0099389 -0.0211876  0.1862814  0.3351345 -0.0044255  0.0014208  0.1245044  0.2472765  0.0363773 -0.0476710 -0.0038786  0.0049032  0.0066521  0.0060360 -0.0495375 -0.0553062  0.0280055 -0.0193693  0.0004028  0.0000219 -0.0043702 -0.0028501  0.0035297  0.0011661  0.0020588  0.0034832  0.0005989  0.0011706 -0.0011014 -0.0069428 -0.0003256 -0.0003887 -0.0038540 -0.0067015 -0.0025028 -0.0011456 -0.0025555 -0.0027272 -0.0010358 -0.0002626  0.0102009  0.0017526  0.0199175 -0.0279539  0.0456083 -0.0128188 -0.0075341  0.0087176 -0.0032026 -0.0017669 -0.0137550  0.0224043  0.0046247 -0.0018049  0.0002435  0.0003660  0.0010374 -0.0032182 -0.0003600 -0.0006817  0.0009837 -0.0038065 -0.0004305 -0.0004144  0.0095598  0.0022613 -0.0005079  0.0002152
18 2  0.0959175 -0.1084278  0.0403432  0.0658525 -0.0010658 -0.0214830 -0.0724815 -0.0265153 -0.0700035  0.0690533 -0.0286727 -0.0275720 -0.0683341 -0.2127236 -0.0136494 -0.0213833 -0.0027186  0.0066956  0.0290596  0.0132475  0.0117957 -0.1079859 -0.0104299 -0.0080194 -0.0007655 -0.0007391 -0.0032171 -0.0016145 -0.0001919  0.0031468 -0.0010750 -0.0008052 -0.0000918  0.0012729  0.0019323 -0.0050448  0.0007550 -0.0029156  0.0009486  0.0013710  0.0020446  0.0013446  0.0003537  0.0002608  0.0002454  0.0019234 -0.0006902  0.0022492 -0.0037547  0.0704399  0.0082383  0.0075410 -0.0038453  0.0004253  0.0104242  0.0079587 -0.0051135 -0.0491182 -0.0096347 -0.0134458 -0.0006231 -0.0008498 -0.0001343 -0.0009449  0.0034411  0.0010560 -0.0001405  0.0001076 -0.0012372 -0.0001956  0.0004666  0.0014146  0.0024628 -0.0135362 -0.0000754 -0.0002630
18 3  0.0270185 -0.0151842  0.0428810 -0.0151424  0.0290376  0.0034137 -0.0107747 -0.0120108 -0.0114755 -0.0082533  0.0194906  0.0043312 -0.0041427 -0.0103656  0.0247769  0.0429605 -0.0079790 -0.0071562  0.0052341  0.0064628 -0.0014655  0.0032058  0.0077062  0.0075895 -0.0076808  0.0040810 -0.0003855  0.0008282  0.0031980  0.0002879 -0.0002208  0.0003050  0.0016423  0.0023698 -0.0000964 -0.0010574  0.0041802  0.0006977 -0.0008647  0.0008243  0.0013697 -0.0008763  0.0002603 -0.0001836  0.0017746  0.0011211 -0.0011885  0.0010563  0.0102061  0.0000732 -0.0140952 -0.0027518  0.0068216 -0.0075719  0.0013067  0.0015643 -0.0027118 -0.0057000  0.0079039  0.0021806 -0.0029936 -0.0011009  0.0010424 -0.0009084  0.0012505  0.0005826 -0.0001143 -0.0000482  0.0014339 -0.0034155 -0.0009749  0.0011822 -0.0058678  0.0074188 -0.0002818 -0.0001744
19 0 -0.0414470        NaN -0.0674321        NaN -0.2335429        NaN  0.0264507        NaN  0.0083680        NaN  0.0113759        NaN  0.0307979        NaN  0.0474284        NaN  0.0945449        NaN -0.0113571        NaN  0.0242834        NaN  0.0389033        NaN  0.0134098        NaN  0.0006356        NaN -0.0019504        NaN  0.0060506        NaN  0.0030211        NaN -0.0011538        NaN  0.0003671        NaN -0.0002247        NaN  0.0009200        NaN -0.0036399        NaN  0.0002124        NaN -0.0000530        NaN -0.0102524        NaN  0.0041147        NaN -0.0258363        NaN -0.0065417        NaN  0.0197438        NaN  0.0059264        NaN  0.0007954        NaN  0.0002631        NaN -0.0007949        NaN -0.0010232        NaN -0.0002651        NaN -0.0002003        NaN  0.0009415        NaN  0.0001000        NaN
19 1  0.0475985  0.1518598 -0.0208893  0.0398646  0.0151416 -0.0344061 -0.0230274 -0.0049567 -0.0658976 -0.0185603  0.0173563 -0.0313874 -0.0427414 -0.3278875 -0.0050707 -0.0256557 -0.0022668 -0.0014589  0.0053419  0.0077841  0.0282962 -0.0307204  0.0017495 -0.0124285  0.0003712  0.0015902 -0.0019348 -0.0007374 -0.0033344  0.0003412  0.0001742 -0.0000070 -0.0002569 -0.0024461  0.0006135  0.0013828  0.0010355 -0.0008938  0.0001620  0.0025296  0.0032732 -0.0000544  0.0000043 -0.0000692 -0.0007007  0.0004321  0.0005602  0.0001797 -0.0166219 -0.0056356 -0.0044343  0.0230986  0.0025416  0.0000321 -0.0073867 -0.0066196  0.0063371 -0.0521245 -0.0000206 -0.0205401  0.0007421  0.0000382  0.0003207 -0.0010863 -0.0004554 -0.0001902 -0.0005556  0.0001037 -0.0005441 -0.0017760 -0.0002442  0.0006954  0.0004515 -0.0058597  0.0000052  0.0000399
19 2  0.0065074 -0.0127970 -0.0388684  0.0134600  0.0671468 -0.0140767  0.0014916 -0.0125691  0.0192674  0.0045892  0.0879659 -0.1267510  0.0095175 -0.0056989  0.0456368  0.1242789 -0.0293221 -0.0069194 -0.0030164  0.0021463  0.0023543 -0.0022930 -0.0235466  0.0523815 -0.0145365  0.0017900  0.0012748  0.0006112  0.0042490  0.0011680 -0.0000763  0.0005440 -0.0001115  0.0015974  0.0007030  0.0010092  0.0029009 -0.0052129  0.0006812  0.0013914 -0.0013958  0.0029342  0.0002551 -0.0006472 -0.0012818  0.0016825  0.0004865  0.0011923 -0.0056511 -0.0065275 -0.0016431 -0.0218490 -0.0218916 -0.0080264 -0.0008572  0.0018396  0.0040747  0.0090691  0.0104439  0.0425923 -0.0016940 -0.0084142 -0.0008777 -0.0011946  0.0031376  0.0013195  0.0000024 -0.0000069  0.0003781 -0.0035923  0.0006740  0.0011033 -0.0205066  0.0116174 -0.0007945  0.0001254
19 3 -0.0259511  0.0107850 -0.0035109  0.0630870  0.0050886 -0.0038452 -0.0126449 -0.0131666  0.0182843  0.0202509  0.0026086 -0.0275936 -0.0061799  0.0173228 -0.0268389 -0.0222780 -0.0013378  0.0026599  0.0113467  0.0011676 -0.0102195  0.0223624 -0.0254746 -0.0100570 -0.0009878 -0.0002753 -0.0009182  0.0028596  0.0007920 -0.0012049  0.0000871 -0.0002566  0.0008625 -0.0002314 -0.0000965 -0.0037503 -0.0016158  0.0011760  0.0014619  0.0009806  0.0003586  0.0006208  0.0001375  0.0001232 -0.0000754 -0.0010496  0.0010162  0.0015287  0.0010142 -0.0306209  0.0196610  0.0088720  0.0007085 -0.0009085 -0.0025502  0.0007067 -0.0007789  0.0121615 -0.0205040 -0.0079240  0.0000759  0.0028059 -0.0005744 -0.0008638  0.0024391  0.0005676  0.0000690  0.0000028  0.0004893  0.0009501  0.0006871  0.0010355 -0.0005921  0.0011735  0.0000743 -0.0001087
20 0  0.0592928        NaN  0.0509936        NaN -0.0182543        NaN  0.2509575        NaN  0.0476424        NaN -0.0026553        NaN -0.0330370        NaN -0.0103210        NaN  0.0021498        NaN -0.1371265        NaN -0.0193565        NaN -0.0104636        NaN  0.0003039        NaN -0.0029632        NaN -0.0053422        NaN  0.0013836        NaN -0.0014842        NaN  0.0021110        NaN  0.0023733        NaN -0.0005515        NaN  0.0024487        NaN -0.0002340        NaN -0.0009837        NaN -0.0011676        NaN -0.0047354        NaN  0.0086528        NaN -0.0011929        NaN -0.0300139        NaN -0.0078805        NaN -0.0089237        NaN -0.0009814        NaN  0.0011128        NaN  0.0011306        NaN -0.0002948        NaN -0.0001509        NaN -0.0008734        NaN  0.0018470        NaN -0.0002787        NaN
20 1  0.0393595  0.0042063  0.1196527  0.1103804  0.0432810  0.0388004 -0.0183496 -0.0029161 -0.0287513 -0.0170060 -0.0454372 -0.0860265 -0.0130733 -0.0147360  0.0699292  0.1532089  0.0613207 -0.0092964  0.0036012  0.0034701 -0.0079511  0.0147613  0.0401373  0.0585565 -0.0256315  0.0078866  0.0009847 -0.0002006  0.0045044  0.0008275  0.0012762 -0.0009636 -0.0022352  0.0052430  0.0006881  0.0016409 -0.0016486  0.0002307  0.0004527  0.0002936  0.0045116  0.0073430 -0.0007809 -0.0002200  0.0029207 -0.0003200  0.0003440  0.0003586  0.0093495 -0.0092815 -0.0304075 -0.0604660  0.0689031 -0.0040571 -0.0098993  0.0077860 -0.0111040  0.0068875  0.0355395  0.0664225 -0.0044965  0.0029724 -0.0007646 -0.0002766 -0.0004305  0.0037490 -0.0002494 -0.0004044 -0.0017131  0.0000855  0.0004387  0.0002778 -0.0098006 -0.0030471 -0.0011295 -0.0003331
20 2 -0.0321357 -0.2413162  0.0523258  0.0916016 -0.0043742 -0.0164558 -0.0718457 -0.0171793 -0.0020492  0.1745042 -0.0220086 -0.0101194 -0.0760489 -0.1489621 -0.0203317 -0.0490218 -0.0009843  0.0075256  0.0426605  0.0116289 -0.0219451 -0.1126293 -0.0145769 -0.0371848 -0.0002311  0.0019724 -0.0015991  0.0056954  0.0013551 -0.0001134 -0.0004136 -0.0010797  0.0001682 -0.0022398 -0.0001676 -0.0074391 -0.0001530  0.0019408  0.0001139  0.0016219 -0.0009879 -0.0013938  0.0001508  0.0003274 -0.0005121 -0.0022336 -0.0005573  0.0037080  0.0060399  0.0432131  0.0060687  0.0253250 -0.0057384 -0.0001331  0.0102681  0.0087053 -0.0142410 -0.0198364 -0.0102109 -0.0321226  0.0010193  0.0014816 -0.0001480 -0.0014312 -0.0044341 -0.0008331 -0.0000459  0.0002863  0.0007133 -0.0002518  0.0005336  0.0021985 -0.0022058  0.0122530  0.0000635 -0.0003385
20 3 -0.0166100  0.0117591 -0.0286086  0.0355843  0.0014942  0.0031989  0.0115701 -0.0030852 -0.0171531 -0.0004988 -0.0170333 -0.0148121 -0.0071145 -0.0039455  0.0126124  0.0357590 -0.0193482  0.0082894  0.0004450  0.0027324  0.0044728 -0.0074344  0.0119506  0.0027073  0.0018736 -0.0071645  0.0000417  0.0004943 -0.0031366 -0.0008677 -0.0007424  0.0010853  0.0012657  0.0050860 -0.0000176 -0.0006787 -0.0049437 -0.0007872 -0.0008276  0.0003188 -0.0014657  0.0011365  0.0004496 -0.0005931 -0.0017974 -0.0033526 -0.0009936  0.0004116 -0.0050934  0.0048354 -0.0092558 -0.0044277 -0.0002433  0.0014900 -0.0020742  0.0027057 -0.0021918 -0.0056858  0.0062304  0.0024898  0.0025354  0.0016513  0.0008673 -0.0005431 -0.0013842 -0.0005007 -0.0001160 -0.0001946 -0.0011329  0.0020154 -0.0007602  0.0006590  0.0054322 -0.0070049  0.0000695 -0.0001310
21 0  0.0037446        NaN  0.0283530        NaN -0.2073645        NaN  0.0298989        NaN -0.0119156        NaN -0.0525797        NaN  0.0153511        NaN  0.0062073        NaN  0.1184206        NaN -0.0114973        NaN  0.0126145        NaN  0.0587282        NaN -0.0068238        NaN -0.0000474        NaN  0.0009728        NaN  0.0058505        NaN -0.0008713        NaN  0.0002634        NaN  0.0039974        NaN  0.0007431        NaN -0.0015970        NaN -0.0032904        NaN  0.0016100        NaN  0.0010948        NaN -0.0095963        NaN -0.0078114        NaN -0.0034311        NaN -0.0124441        NaN  0.0066906        NaN  0.0168279        NaN -0.0028519        NaN -0.0006176        NaN  0.0009963        NaN -0.0011387        NaN  0.0025370        NaN  0.0005155        NaN -0.0016530        NaN  0.0000559        NaN
21 1 -0.0813080 -0.2030914 -0.0164326  0.0530753  0.0212391 -0.0428606 -0.0528485 -0.0297375 -0.0091083  0.2749048  0.0190024 -0.0363312 -0.0279267 -0.2034979 -0.0000731 -0.0412126 -0.0000876  0.0080966  0.0268921 -0.0015953 -0.0027683 -0.1378904  0.0061403 -0.0216565  0.0006440  0.0025297  0.0012783  0.0074274 -0.0008953  0.0021633 -0.0002586  0.0002205  0.0004107 -0.0012730 -0.0005403 -0.0034702 -0.0017147 -0.0011782 -0.0005785  0.0022837  0.0030332  0.0001620  0.0001711 -0.0000593  0.0000327 -0.0008921  0.0008169  0.0026251  0.0016186  0.0131595 -0.0131781  0.0297994  0.0001835  0.0003289 -0.0010291 -0.0090887 -0.0065300 -0.0664400  0.0085760 -0.0299127  0.0001127  0.0017301 -0.0006006 -0.0023396  0.0053842  0.0002359 -0.0003784  0.0001135 -0.0007619  0.0001781  0.0002920  0.0022305 -0.0003229  0.0025095  0.0001653 -0.0000590
21 2 -0.0225255  0.0033600 -0.0484315  0.1864877  0.0596788  0.0015295  0.0076957  0.0028721  0.0055894  0.0036910 -0.0606250 -0.2735939  0.0144306 -0.0122159  0.0395407  0.0982990 -0.0406829  0.0015959 -0.0046686 -0.0010165  0.0059600 -0.0035505  0.0154298  0.1112191  0.0034228 -0.0123841  0.0015362 -0.0004446 -0.0037191 -0.0004390 -0.0026914  0.0008544  0.0049374  0.0093849 -0.0001546  0.0018702 -0.0072432  0.0032423  0.0004410 -0.0004694  0.0013626 -0.0029809  0.0010495 -0.0006734 -0.0009396 -0.0067955  0.0004759 -0.0010001 -0.0045622 -0.0051775 -0.0107029 -0.0472910 -0.0283368  0.0039081  0.0000301  0.0002286  0.0075321  0.0010842  0.0295602  0.0691264  0.0019921  0.0095034 -0.0005478  0.0001380 -0.0038647 -0.0015390  0.0004023  0.0000597 -0.0014977  0.0051689  0.0004479 -0.0005103  0.0202734 -0.0113225 -0.0002122  0.0000730
21 3 -0.0304080 -0.0270418 -0.0277310 -0.0011772  0.0043533 -0.0129922 -0.0237980  0.0025168  0.0247148  0.0549073  0.0173653 -0.0114033  0.0032034  0.0125155 -0.0141668 -0.0173865 -0.0009242  0.0019114  0.0117079 -0.0009879 -0.0085204  0.0189274 -0.0171575 -0.0126351  0.0007312  0.0008590 -0.0002166  0.0018553 -0.0010193 -0.0003122 -0.0003482  0.0002212 -0.0004862  0.0000886 -0.0022790 -0.0029171  0.0010682 -0.0014435  0.0010310 -0.0004494 -0.0015801  0.0003001  0.0000680  0.0000127 -0.0008993  0.0004898  0.0015186  0.0005795  0.0025869 -0.0317285  0.0110327  0.0109181 -0.0003758  0.0013925 -0.0002449 -0.0002783 -0.0001485  0.0131728 -0.0115098 -0.0078629  0.0002981 -0.0022575 -0.0007348 -0.0004417 -0.0019320 -0.0008107  0.0000298 -0.0001169 -0.0009051 -0.0015812  0.0009128  0.0003680  0.0003413 -0.0016338  0.0000965 -0.0002539
22 0  0.0125416        NaN  0.0317366        NaN -0.0200954        NaN  0.2009141        NaN  0.0831027        NaN  0.0242589        NaN -0.0077401        NaN -0.0116909        NaN  0.0063402        NaN -0.1179831        NaN -0.0334484        NaN -0.0194137        NaN -0.0003948        NaN -0.0021046        NaN -0.0036704        NaN  0.0014785        NaN  0.0001108        NaN  0.0016455        NaN -0.0024656        NaN -0.0014268        NaN  0.0026750        NaN -0.0005405        NaN  0.0006358        NaN -0.0029631        NaN  0.0049959        NaN  0.0077127        NaN -0.0012699        NaN -0.0302808        NaN -0.0176900        NaN -0.0129117        NaN  0.0015298        NaN  0.0021451        NaN -0.0033809        NaN -0.0003529        NaN -0.0003295        NaN -0.0019523        NaN -0.0009444        NaN -0.0001978        NaN
22 1  0.0399149  0.0147830  0.1439011  0.4213740  0.0696546 -0.0293785 -0.0397219  0.0302932 -0.0095411 -0.0087580 -0.2133195 -0.3719832 -0.0188636 -0.0022437  0.0134685  0.0302046  0.0313633 -0.0007213  0.0122754 -0.0084393 -0.0043019  0.0007364  0.1032883  0.1482989  0.0083619 -0.0222605  0.0017480 -0.0008941 -0.0027482 -0.0029905 -0.0039883 -0.0017630  0.0068724  0.0089166 -0.0007910  0.0021430 -0.0004469 -0.0041996 -0.0000382 -0.0015390 -0.0047126 -0.0070041  0.0018566  0.0006049 -0.0055908 -0.0027653  0.0004017 -0.0021677  0.0105235 -0.0071445 -0.0365178 -0.0842796  0.0542032 -0.0042343 -0.0033423  0.0018089 -0.0091083  0.0052721  0.0491412  0.0913148  0.0057772 -0.0051163 -0.0004155  0.0014096  0.0003276 -0.0034158  0.0004733 -0.0001955 -0.0001504 -0.0011696  0.0002672 -0.0016263  0.0095286  0.0037939 -0.0006513 -0.0005618
22 2 -0.0787757 -0.3571575  0.0412298  0.0293267 -0.0102286 -0.0186818 -0.0576933 -0.0033415  0.0702367  0.2335112 -0.0141480  0.0324220 -0.0533541 -0.0445289 -0.0051631 -0.0462736  0.0018142  0.0074120  0.0384360  0.0011643 -0.0465551 -0.0890767  0.0043217 -0.0427413  0.0008040  0.0003224 -0.0003475  0.0019522  0.0034281  0.0024982 -0.0011027 -0.0000454 -0.0002575  0.0003261 -0.0022958 -0.0064750  0.0000278 -0.0032515  0.0006654  0.0003216 -0.0001777  0.0013206  0.0004010  0.0000817  0.0000462  0.0011209  0.0007723  0.0023700  0.0114942  0.0130331 -0.0075009  0.0220572 -0.0035604  0.0013837  0.0086787  0.0081949 -0.0178147  0.0178694  0.0037649 -0.0315211 -0.0007871 -0.0006717 -0.0011435 -0.0003577  0.0038324  0.0007902  0.0000798  0.0000554 -0.0007672 -0.0005320  0.0015884  0.0009808  0.0019208 -0.0126159 -0.0001267 -0.0005056
22 3  0.0229733 -0.0111275  0.0572444  0.0679153  0.0081731 -0.0183652  0.0163425 -0.0156503  0.0006453  0.0008983 -0.0504959 -0.0517526  0.0003231  0.0014565  0.0104528 -0.0055706 -0.0101505 -0.0009517 -0.0066507  0.0025629 -0.0002178  0.0024079  0.0395028 -0.0173789 -0.0065399  0.0007701  0.0001096  0.0000133  0.0030224 -0.0004212  0.0003194  0.0006922  0.0033358  0.0020446  0.0004266 -0.0002008  0.0051845  0.0021398 -0.0009367  0.0020790  0.0014495 -0.0011171  0.0000777 -0.0006742  0.0000635  0.0014061 -0.0013375  0.0022082  0.0059078 -0.0015451 -0.0220630  0.0128051  0.0034195 -0.0052514 -0.0020347  0.0020344 -0.0015904  0.0009173  0.0184279 -0.0155570 -0.0019004 -0.0010124  0.0007482 -0.0018931  0.0016465  0.0006191 -0.0002568 -0.0001797  0.0004480 -0.0041977 -0.0008490  0.0021158 -0.0046240  0.0067023 -0.0003245 -0.0003074
23 0 -0.0062322        NaN -0.0820526        NaN -0.1322071        NaN  0.0148748        NaN -0.0167452        NaN -0.0386107        NaN  0.0013143        NaN  0.0022485        NaN  0.1035875        NaN -0.0080052        NaN  0.0034220        NaN  0.0488055        NaN  0.0088020        NaN  0.0003421        NaN -0.0013770        NaN  0.0042298        NaN  0.0009503        NaN -0.0006892        NaN -0.0014264        NaN  0.0003259        NaN  0.0014235        NaN -0.0025854        NaN  0.0008098        NaN  0.0012340        NaN  0.0050310        NaN  0.0045484        NaN  0.0223573        NaN -0.0104461        NaN  0.0039722        NaN  0.0065165        NaN  0.0008860        NaN -0.0003567        NaN -0.0017745        NaN -0.0010140        NaN -0.0006139        NaN  0.0003568        NaN  0.0023320        NaN  0.0004589        NaN
23 1 -0.0842653 -0.5005540 -0.0394046  0.0518605  0.0197282 -0.0410248 -0.1110572 -0.0021715  0.0268728  0.4121577  0.0240989 -0.0042519 -0.0016058 -0.0371989  0.0343545 -0.0404348 -0.0002376  0.0095176  0.0364052  0.0063556 -0.0242440 -0.1604862  0.0343899 -0.0288356  0.0008023  0.0003097  0.0001163  0.0046682  0.0027243  0.0013133 -0.0006264  0.0004288 -0.0007164  0.0000434 -0.0018602 -0.0056186  0.0005616 -0.0012284  0.0004394 -0.0000633  0.0002652 -0.0014995  0.0003243 -0.0001516 -0.0000923 -0.0009248  0.0015260  0.0027405  0.0107459  0.0124948 -0.0332083  0.0268572  0.0001362  0.0023006  0.0058232 -0.0050399 -0.0126372 -0.0446174  0.0312505 -0.0323450  0.0002696 -0.0002997 -0.0011503 -0.0015765 -0.0001117 -0.0007920 -0.0002038 -0.0000332  0.0004830 -0.0019024  0.0011608  0.0013135 -0.0000828 -0.0052121  0.0001960 -0.0002333
23 2  0.0295969  0.0112899  0.1392098  0.3093664  0.0575477 -0.0238381  0.0160757 -0.0077080 -0.0029273  0.0080327 -0.1987505 -0.3991356  0.0041657 -0.0031663 -0.0023748  0.0115309 -0.0361950  0.0023502 -0.0089186  0.0022664  0.0003546 -0.0019708  0.0530144  0.1374162 -0.0083920 -0.0023500  0.0010697 -0.0007663  0.0034406  0.0006723 -0.0019793 -0.0009828  0.0028964  0.0014203  0.0005260  0.0017718  0.0063344 -0.0032579  0.0007909  0.0010622 -0.0013104  0.0030130  0.0010701 -0.0002254 -0.0011603  0.0023196  0.0005658  0.0010134 -0.0004826 -0.0005660 -0.0304728 -0.0430102 -0.0258741 -0.0041382 -0.0033489 -0.0004465  0.0003767  0.0041856  0.0473452  0.0646200 -0.0017467 -0.0091615 -0.0006675 -0.0011989  0.0037014  0.0013460  0.0004101  0.0004132  0.0010064 -0.0043815  0.0004654  0.0009890 -0.0197855  0.0109304 -0.0002489 -0.0002495
23 3 -0.0550840 -0.0638443  0.0065267  0.0102496  0.0047784 -0.0085844  0.0055657  0.0052495  0.0222964  0.0673507  0.0216456 -0.0007835  0.0154540  0.0347310 -0.0258982 -0.0089515  0.0010929  0.0027252  0.0063833  0.0005499 -0.0114721  0.0147963 -0.0294814 -0.0048590  0.0006004  0.0004196  0.0016996  0.0040971 -0.0006459 -0.0005995  0.0009108 -0.0004343 -0.0006257 -0.0001643 -0.0030298 -0.0015190 -0.0009899  0.0010545  0.0010381 -0.0019367  0.0009972  0.0009345 -0.0002600  0.0001777  0.0013039 -0.0001790  0.0025223 -0.0008816  0.0015742 -0.0278388  0.0182733  0.0030503  0.0008602  0.0019199 -0.0044514 -0.0010857  0.0018533  0.0064375 -0.0227472 -0.0011471 -0.0002615  0.0025649 -0.0012370  0.0004484  0.0019782  0.0008166 -0.0000781 -0.0000181  0.0006751  0.0010755  0.0013729 -0.0008103 -0.0003349  0.0012731  0.0000380  0.0000669
24 0 -0.0346697        NaN  0.0165937        NaN -0.0138538        NaN  0.1132571        NaN  0.0830857        NaN  0.0352079        NaN  0.0066593        NaN -0.0010784        NaN  0.0041162        NaN -0.0748064        NaN -0.0340683        NaN -0.0111846        NaN  0.0009920        NaN -0.0018185        NaN -0.0011393        NaN  0.0013765        NaN -0.0012222        NaN  0.0009885        NaN  0.0015520        NaN -0.0001812        NaN  0.0016856        NaN -0.0006559        NaN -0.0013261        NaN -0.0018903        NaN  0.0067738        NaN  0.0022878        NaN -0.0002273        NaN -0.0260002        NaN -0.0196486        NaN -0.0070063        NaN -0.0008869        NaN  0.0014055        NaN  0.0031025        NaN -0.0004649        NaN  0.0001871        NaN -0.0011711        NaN  0.0004541        NaN -0.0000903        NaN
24 1  0.0099774 -0.0250741  0.2945472  0.5206037  0.1002126  0.0105085 -0.0443625  0.0269330 -0.0175861  0.0123802 -0.2597815 -0.4514798 -0.0184214  0.0005364 -0.0475652 -0.0871513 -0.0054781 -0.0124421  0.0177536 -0.0092326 -0.0087182  0.0020470  0.1210146  0.1553635 -0.0105091 -0.0044256  0.0012644 -0.0007292  0.0037614  0.0006904 -0.0057550 -0.0027207 -0.0007395  0.0034726  0.0002406  0.0021305  0.0005330  0.0043954  0.0011061  0.0003178  0.0047190  0.0075223  0.0033505  0.0009739  0.0020763 -0.0006168  0.0015799 -0.0002991  0.0100639 -0.0031634 -0.0596745 -0.0608994  0.0489286 -0.0110615 -0.0019762 -0.0008013 -0.0109958  0.0022369  0.0628148  0.0658072 -0.0030578  0.0042527 -0.0015126  0.0001707 -0.0001461  0.0038611  0.0007793  0.0000334 -0.0025341  0.0003233  0.0013046 -0.0002645 -0.0095289 -0.0042535 -0.0007674 -0.0008190
24 2 -0.1511019 -0.3410012  0.0269051  0.0144807 -0.0080904 -0.0049339 -0.0161018  0.0134327  0.1189797  0.2002951  0.0065940  0.0432782 -0.0143173  0.0678538 -0.0140264 -0.0341799  0.0024390  0.0058299  0.0220407 -0.0069891 -0.0570418 -0.0526806 -0.0105654 -0.0399196  0.0004431  0.0018357  0.0023115  0.0052851  0.0033300  0.0009238 -0.0009663 -0.0001281 -0.0001532 -0.0011011 -0.0038633 -0.0052318  0.0002899  0.0017187 -0.0005678  0.0006808 -0.0019929 -0.0015053  0.0002467  0.0000734  0.0003339 -0.0012398  0.0003999  0.0026498  0.0136917 -0.0053469  0.0001297  0.0198178 -0.0026167  0.0007954  0.0062702  0.0061686 -0.0144300  0.0411748 -0.0070632 -0.0258943  0.0005407  0.0010839 -0.0007516 -0.0003797 -0.0056494 -0.0008256  0.0001894  0.0001647  0.0006399  0.0001273  0.0011610  0.0011332 -0.0014793  0.0124005  0.0000313 -0.0004231
24 3 -0.0015005  0.0079951  0.0170735  0.1180805 -0.0271040 -0.0026112  0.0049062  0.0082888 -0.0111238  0.0048819 -0.0677628 -0.0432163  0.0000800 -0.0010498 -0.0039469 -0.0441129 -0.0117562  0.0092974 -0.0042288 -0.0025898  0.0041953 -0.0080127  0.0297589 -0.0357172 -0.0026445 -0.0048500  0.0000336 -0.0007579 -0.0024523  0.0000067 -0.0000375  0.0003907  0.0019360  0.0026790  0.0005562  0.0002969 -0.0038807  0.0012924 -0.0018450  0.0011123 -0.0014304  0.0013117 -0.0000475 -0.0004467 -0.0015152 -0.0006386 -0.0021614  0.0008420 -0.0011696 -0.0011229 -0.0097582  0.0210167  0.0038408  0.0000668  0.0012733 -0.0017453 -0.0004019 -0.0029567  0.0073815 -0.0278040  0.0022391  0.0001819  0.0013972 -0.0010199 -0.0018603 -0.0004116 -0.0002042 -0.0001767 -0.0009364  0.0041255 -0.0015078  0.0010545  0.0038459 -0.0062208 -0.0001265 -0.0002904
25 0  0.0193991        NaN -0.0092206        NaN -0.0401062        NaN  0.0066162        NaN -0.0304921        NaN -0.0288455        NaN -0.0068498        NaN -0.0126409        NaN  0.0627980        NaN -0.0082573        NaN -0.0000140        NaN  0.0235234        NaN -0.0028785        NaN  0.0003406        NaN  0.0000188        NaN  0.0029087        NaN -0.0025475        NaN  0.0003646        NaN  0.0026037        NaN  0.0007830        NaN -0.0012228        NaN -0.0018651        NaN  0.0013973        NaN  0.0016137        NaN  0.0050467        NaN  0.0004587        NaN  0.0285066        NaN -0.0096669        NaN -0.0036454        NaN  0.0027450        NaN -0.0014926        NaN -0.0011363        NaN  0.0019502        NaN -0.0008453        NaN  0.0011254        NaN  0.0010461        NaN -0.0026205        NaN -0.0000296        NaN
25 1 -0.0790264 -0.5517603 -0.0072546  0.0271462  0.0153735 -0.0266994 -0.1380452 -0.0190836  0.0356034  0.3485289  0.0244522  0.0247788  0.0185332  0.1071233  0.0300747 -0.0310671  0.0029013  0.0112527  0.0600059 -0.0058272 -0.0287697 -0.1162343  0.0284380 -0.0294406 -0.0009053  0.0004535  0.0021530  0.0087885  0.0046613  0.0012758 -0.0012659  0.0005469  0.0004560  0.0005043 -0.0002816 -0.0059104 -0.0010258 -0.0005232  0.0001204 -0.0014990 -0.0002634  0.0000866  0.0007276 -0.0002166 -0.0000234  0.0000579  0.0008816  0.0024258  0.0166692  0.0005864 -0.0324830  0.0210565 -0.0016843  0.0015550  0.0131199 -0.0056705 -0.0131364 -0.0089122  0.0269618 -0.0283775  0.0001821  0.0011965 -0.0016158 -0.0010778  0.0035509 -0.0000787  0.0000027  0.0000930 -0.0011131  0.0007336  0.0011487  0.0009933  0.0006343  0.0037067  0.0001578 -0.0003282
25 2  0.0212507 -0.0042979  0.1149707  0.3254706  0.0382492  0.0052130 -0.0065461  0.0033980 -0.0067750  0.0116372 -0.2456021 -0.3494380 -0.0033676 -0.0094146 -0.0213841 -0.0782684 -0.0321414  0.0096452 -0.0000679  0.0010650 -0.0027495 -0.0045689  0.0679000  0.1010689 -0.0044721 -0.0038983  0.0006530 -0.0021605 -0.0021269  0.0002980 -0.0028393 -0.0014225  0.0038776  0.0024091 -0.0005285  0.0017944 -0.0053043  0.0056031 -0.0010367 -0.0013900  0.0012854 -0.0027198  0.0013410  0.0004556  0.0005021 -0.0025995 -0.0010325 -0.0018886 -0.0007195 -0.0076302 -0.0278922 -0.0200471 -0.0217158  0.0032308  0.0019542 -0.0021934  0.0011005 -0.0007493  0.0447258  0.0313421  0.0003524  0.0078842  0.0009299  0.0008820 -0.0044910 -0.0015846  0.0006659  0.0005956  0.0000586  0.0083756 -0.0010272 -0.0012199  0.0186372 -0.0103914  0.0002612 -0.0001392
25 3 -0.0400687 -0.0728822 -0.0248885 -0.0503554 -0.0001502 -0.0085656  0.0202489  0.0057427  0.0165195  0.0538680  0.0345731  0.0227785  0.0238183  0.0450437 -0.0262960  0.0178738  0.0019275  0.0005432 -0.0002454  0.0008656 -0.0038082  0.0237735 -0.0410776  0.0102270 -0.0004767 -0.0003410  0.0008607  0.0012875 -0.0017493 -0.0001254  0.0003121  0.0001625  0.0001669  0.0007734 -0.0023988  0.0002766  0.0013083 -0.0014032 -0.0006630 -0.0031027 -0.0012434  0.0000556 -0.0001244  0.0001704 -0.0009489 -0.0007255  0.0002995 -0.0026211  0.0002102 -0.0292121  0.0261195 -0.0119052  0.0003128  0.0020177 -0.0089476 -0.0017206  0.0016907  0.0123207 -0.0293231  0.0159172 -0.0000378 -0.0019516  0.0002643  0.0016982 -0.0012797 -0.0009402 -0.0001232 -0.0002149 -0.0001921 -0.0017027 -0.0003545 -0.0022047  0.0003428 -0.0017508  0.0000428 -0.0001091
26 0 -0.0689890        NaN -0.0004653        NaN -0.0087127        NaN  0.0063506        NaN  0.0636818        NaN  0.0403344        NaN  0.0200084        NaN  0.0041850        NaN  0.0040246        NaN -0.0141138        NaN -0.0225690        NaN -0.0069009        NaN  0.0002897        NaN -0.0020652        NaN -0.0013641        NaN  0.0009177        NaN  0.0003830        NaN  0.0010097        NaN -0.0019116        NaN  0.0000693        NaN  0.0022290        NaN -0.0004423        NaN  0.0008060        NaN -0.0017342        NaN  0.0095767        NaN -0.0026394        NaN  0.0007437        NaN -0.0175197        NaN -0.0150059        NaN -0.0037122        NaN  0.0012113        NaN  0.0012843        NaN -0.0026992        NaN -0.0004679        NaN -0.0005158        NaN -0.0010731        NaN -0.0008452        NaN -0.0001611        NaN
26 1  0.0053393 -0.0321796  0.1109154  0.4392198  0.1255166 -0.0680574 -0.0548263  0.0358699  0.0111631  0.0111441 -0.1667637 -0.3197504 -0.0164910  0.0033300 -0.0720329 -0.1499094 -0.0021828  0.0333599  0.0252242 -0.0134664 -0.0155604 -0.0091144  0.0654067  0.0894252 -0.0012342 -0.0129661  0.0000868 -0.0017653 -0.0011199 -0.0018290 -0.0078343 -0.0015424  0.0032029  0.0030980 -0.0002079  0.0020014  0.0002387 -0.0009500 -0.0005975 -0.0013378 -0.0050436 -0.0069735  0.0044550  0.0009089 -0.0044485  0.0005145 -0.0005654 -0.0025091  0.0096882 -0.0029859 -0.0218195 -0.0195774  0.0385443  0.0052045  0.0055266 -0.0023777 -0.0112608  0.0009887  0.0221270  0.0170630  0.0045209 -0.0075626  0.0005879  0.0018843 -0.0002777 -0.0034957  0.0011594 -0.0000338  0.0010671  0.0021478 -0.0007193 -0.0021661  0.0091122  0.0047321 -0.0001482 -0.0007082
26 2 -0.1449937 -0.2268070 -0.0129632 -0.0688540 -0.0083293  0.0120118  0.0040576  0.0117061  0.1187979  0.0794601  0.0264548  0.0600195  0.0229108  0.1402280 -0.0106552  0.0027355  0.0013973  0.0006503  0.0077680 -0.0106774 -0.0445381  0.0119613 -0.0195187 -0.0157780  0.0008920 -0.0002905  0.0030188 -0.0007661  0.0047026 -0.0000049 -0.0010361  0.0001714  0.0004942  0.0006695 -0.0036906 -0.0029842 -0.0002941 -0.0023881 -0.0005409 -0.0011277 -0.0017949  0.0013705  0.0002031  0.0000324  0.0000865  0.0007892  0.0004212  0.0001422  0.0072124 -0.0260870  0.0103118 -0.0026718 -0.0019500 -0.0009534  0.0032992  0.0061458 -0.0045789  0.0693459 -0.0136981  0.0006462 -0.0011198 -0.0011095 -0.0006229  0.0013721  0.0039152  0.0004997  0.0002685 -0.0000610 -0.0000532 -0.0001617  0.0008855 -0.0008651  0.0013952 -0.0109377 -0.0001089 -0.0003974
26 3  0.0066195 -0.0029459  0.0518222  0.0677403 -0.0311918 -0.0195129  0.0055172 -0.0039125  0.0021367  0.0080054 -0.0641865 -0.0083745  0.0016449  0.0094366 -0.0249299 -0.0870125  0.0006607  0.0023560 -0.0063951  0.0009406  0.0014181  0.0025524  0.0089504 -0.0662522 -0.0017218  0.0013309 -0.0004451 -0.0009582  0.0021430 -0.0007783  0.0013198  0.0002897  0.0005860 -0.0022909  0.0010796  0.0000648  0.0053807  0.0023555 -0.0004805  0.0021100  0.0014159 -0.0013901 -0.0005499 -0.0001808  0.0000008  0.0026728 -0.0006589  0.0020840  0.0001377  0.0009960  0.0049984  0.0444998  0.0031726 -0.0020842  0.0000253 -0.0027395  0.0011944  0.0026359 -0.0077627 -0.0539674 -0.0010494 -0.0009718  0.0002060 -0.0017419  0.0019978  0.0005718 -0.0003302 -0.0000977  0.0001420 -0.0042539 -0.0003137  0.0019304 -0.0031996  0.0054272 -0.0002258 -0.0003113
27 0  0.0258895        NaN -0.1081164        NaN  0.0591758        NaN -0.0064423        NaN -0.0215703        NaN -0.0150096        NaN -0.0168795        NaN  0.0060873        NaN  0.0136692        NaN -0.0037484        NaN -0.0075560        NaN  0.0085323        NaN  0.0013708        NaN -0.0004798        NaN -0.0006350        NaN  0.0012251        NaN -0.0004026        NaN  0.0009011        NaN -0.0029334        NaN -0.0005987        NaN  0.0015562        NaN -0.0007875        NaN  0.0006647        NaN -0.0009068        NaN  0.0087885        NaN  0.0109789        NaN  0.0308145        NaN -0.0052280        NaN -0.0046994        NaN -0.0044698        NaN  0.0008850        NaN  0.0004725        NaN -0.0023451        NaN -0.0007331        NaN -0.0005750        NaN -0.0005963        NaN  0.0030308        NaN  0.0000113        NaN
27 1 -0.0352183 -0.4168999 -0.0164813 -0.0042474  0.0157535 -0.0076219 -0.1767277  0.0064198  0.0065802  0.1564770  0.0119975  0.0312381  0.0239363  0.1712787  0.0328450 -0.0069028 -0.0006341  0.0030321  0.0758944  0.0028835 -0.0174586 -0.0221052  0.0307093 -0.0125867  0.0006676 -0.0021675  0.0011950  0.0012146  0.0055880 -0.0008688 -0.0018215 -0.0000834 -0.0003635  0.0020639 -0.0010634 -0.0039465  0.0001223 -0.0000418  0.0015023 -0.0026953 -0.0020449 -0.0012774  0.0008628 -0.0002259 -0.0001636 -0.0013476  0.0020735  0.0009180  0.0110932 -0.0199560 -0.0256582  0.0016189 -0.0002756  0.0019386  0.0178671 -0.0014749 -0.0080234  0.0348088  0.0237367 -0.0088782  0.0001985 -0.0010497 -0.0021610  0.0002635 -0.0004068 -0.0008420  0.0003029  0.0000752  0.0009796 -0.0012161  0.0019518 -0.0003894 -0.0009923 -0.0039226  0.0001930 -0.0002622
27 2  0.0111216  0.0171469  0.1802435  0.1440879  0.0147976 -0.0140409 -0.0022115 -0.0160993 -0.0057161  0.0142518 -0.2062251 -0.1637276 -0.0020135  0.0089367 -0.0510619 -0.1279721 -0.0167536  0.0084702 -0.0019600  0.0089133  0.0004880  0.0007591  0.0488412  0.0202863  0.0012627 -0.0000052 -0.0006157 -0.0018872  0.0014834  0.0005529 -0.0009979 -0.0010321  0.0003486 -0.0033688  0.0008407  0.0006966  0.0076880 -0.0033848 -0.0003066  0.0002533 -0.0011298  0.0025578  0.0007323  0.0003120 -0.0004379  0.0028919 -0.0003928  0.0005206 -0.0000265  0.0039107 -0.0228447  0.0260783 -0.0219671 -0.0006932  0.0018473 -0.0020717 -0.0010034  0.0018200  0.0323526 -0.0227904 -0.0010967 -0.0081766  0.0004046 -0.0004651  0.0041793  0.0012362  0.0004775  0.0006479  0.0010907 -0.0057873 -0.0005270  0.0004596 -0.0175907  0.0096865  0.0002678  0.0000074
27 3 -0.0189513 -0.0243254 -0.0074784 -0.0494349  0.0033846 -0.0030449  0.0504909  0.0257899 -0.0084921  0.0057626  0.0303439  0.0309250  0.0287580  0.0584646 -0.0016883  0.0317020  0.0018747  0.0001136 -0.0139431 -0.0042081  0.0053632  0.0309448 -0.0110528  0.0196531  0.0016000  0.0007156  0.0009175  0.0018729 -0.0012176 -0.0000451  0.0008154 -0.0005546 -0.0015514 -0.0001278 -0.0008752  0.0030483 -0.0005661  0.0012955 -0.0008054 -0.0027250  0.0014029  0.0006178 -0.0002672  0.0003254  0.0023226  0.0010400 -0.0001236 -0.0027961 -0.0015216 -0.0185797  0.0023778 -0.0167008  0.0013703  0.0025582 -0.0135156 -0.0061240  0.0084570  0.0034301 -0.0052807  0.0207069 -0.0005405  0.0018612  0.0005111  0.0014944  0.0013499  0.0009559 -0.0001719 -0.0001097  0.0007442  0.0015219 -0.0007567 -0.0022482 -0.0001797  0.0016686  0.0000888  0.0003147
28 0 -0.0696185        NaN -0.0019770        NaN  0.0044318        NaN -0.0796940        NaN  0.0274245        NaN  0.0184567        NaN  0.0198179        NaN  0.0041824        NaN -0.0013549        NaN  0.0367519        NaN -0.0084450        NaN -0.0046823        NaN  0.0003219        NaN -0.0010796        NaN  0.0023981        NaN  0.0004214        NaN -0.0000215        NaN -0.0004676        NaN  0.0009783        NaN  0.0009363        NaN -0.0002394        NaN -0.0003865        NaN -0.0013675        NaN  0.0002006        NaN  0.0053511        NaN  0.0022762        NaN  0.0002974        NaN -0.0085959        NaN -0.0090190        NaN -0.0038914        NaN -0.0008271        NaN  0.0000892        NaN  0.0044318        NaN -0.0004692        NaN  0.0003864        NaN  0.0001811        NaN -0.0001590        NaN  0.0000135        NaN
28 1 -0.0243848 -0.0274252  0.0984968  0.2221089  0.1273478 -0.0188631 -0.0528612  0.0191458  0.0087189  0.0178038 -0.0197262 -0.0946946 -0.0108472  0.0099178 -0.0668071 -0.1395669 -0.0700168 -0.0079851  0.0196484 -0.0093106 -0.0110490 -0.0036820  0.0040009  0.0049035  0.0057329 -0.0048420 -0.0000152 -0.0012122  0.0019435  0.0010259 -0.0073145 -0.0009872 -0.0034949 -0.0038333  0.0009601  0.0014193 -0.0000957  0.0058207  0.0006687  0.0006838  0.0046637  0.0067628  0.0045694  0.0004576  0.0027717  0.0007831  0.0010585  0.0001427  0.0097891  0.0046811 -0.0148342  0.0215145  0.0125298 -0.0089809  0.0108534 -0.0017820 -0.0094456 -0.0024386  0.0033172 -0.0281870 -0.0023124  0.0051175 -0.0006804  0.0000099  0.0003043  0.0035681  0.0010322 -0.0000521 -0.0028144  0.0003927  0.0004764 -0.0001378 -0.0087308 -0.0048300 -0.0003173 -0.0005784
28 2 -0.0688028 -0.0171032 -0.0260457 -0.0884197 -0.0034201  0.0290385  0.0377969  0.0251798  0.0678822 -0.0799083  0.0310837  0.0621447  0.0459590  0.1552346 -0.0014630  0.0266870  0.0001000 -0.0031354 -0.0113666 -0.0127719 -0.0145605  0.0666024 -0.0168652 -0.0043709 -0.0003082 -0.0000091  0.0026695  0.0020532  0.0018011  0.0003274  0.0004901  0.0001238  0.0001425  0.0013465 -0.0022534 -0.0008961  0.0007870  0.0023638 -0.0011085 -0.0010653 -0.0016048 -0.0012492 -0.0000837  0.0000819  0.0006698 -0.0002303 -0.0003846 -0.0004636 -0.0038645 -0.0333644  0.0074853 -0.0041016 -0.0000372 -0.0020982 -0.0003752  0.0032608  0.0111019  0.0716870 -0.0096392  0.0079805  0.0002958  0.0003800 -0.0000073  0.0013490 -0.0062378 -0.0006254  0.0000688 -0.0000530  0.0004247  0.0007452  0.0002283 -0.0008765 -0.0010203  0.0118616  0.0000035  0.0000625
28 3  0.0055741 -0.0061937 -0.0363119  0.0429688 -0.0495088 -0.0003188 -0.0143827  0.0064701 -0.0019342  0.0013042 -0.0055000  0.0867350  0.0054224  0.0029949 -0.0370815 -0.0973749  0.0068926  0.0041267  0.0047125 -0.0014538  0.0047237  0.0010010 -0.0369326 -0.0921691 -0.0010184  0.0004163  0.0004293 -0.0020422 -0.0011169  0.0003909  0.0009360  0.0001087 -0.0012135 -0.0014439  0.0005702  0.0003720 -0.0030552  0.0010952 -0.0012875  0.0014320 -0.0013849  0.0015400 -0.0007583  0.0001815  0.0009419  0.0013573 -0.0015362  0.0010536 -0.0013771 -0.0052026  0.0331191  0.0496697  0.0093039 -0.0004395  0.0026025 -0.0028828  0.0033754 -0.0002816 -0.0398158 -0.0649106  0.0007035 -0.0008060  0.0008127 -0.0008251 -0.0021377 -0.0003229 -0.0002138 -0.0001463  0.0003563  0.0052848 -0.0010312  0.0008945  0.0024160 -0.0049090  0.0001502 -0.0003278
29 0  0.0133658        NaN  0.0549347        NaN  0.1076587        NaN -0.0221850        NaN -0.0181418        NaN -0.0385758        NaN -0.0158340        NaN -0.0009416        NaN -0.0199960        NaN -0.0028973        NaN -0.0053349        NaN  0.0002167        NaN -0.0007041        NaN  0.0001431        NaN -0.0005868        NaN -0.0007217        NaN -0.0011370        NaN  0.0015754        NaN  0.0007289        NaN -0.0001681        NaN -0.0009013        NaN  0.0003676        NaN -0.0007192        NaN -0.0003103        NaN  0.0099143        NaN  0.0001439        NaN  0.0300475        NaN -0.0028492        NaN -0.0076914        NaN  0.0027843        NaN  0.0002531        NaN -0.0002282        NaN  0.0026611        NaN -0.0005168        NaN -0.0009009        NaN -0.0000603        NaN -0.0031218        NaN -0.0004542        NaN
29 1  0.0210848 -0.2198370  0.0404115 -0.0376189  0.0101061  0.0090407 -0.1769814 -0.0159454 -0.0282913 -0.0563739 -0.0113135  0.0618312  0.0183720  0.1641221  0.0212877  0.0070003 -0.0005929  0.0005289  0.0951313 -0.0079665  0.0022073  0.0634969  0.0304819 -0.0092287 -0.0019600 -0.0011194  0.0014209  0.0033165  0.0055910 -0.0012403 -0.0021323 -0.0003932  0.0006706  0.0004804  0.0014384 -0.0011153 -0.0003643  0.0006152  0.0013892 -0.0019964 -0.0017824  0.0012349  0.0010880 -0.0001096 -0.0003856  0.0013978  0.0011512  0.0004266  0.0053737 -0.0339082 -0.0234589 -0.0018580 -0.0016374  0.0006571  0.0220200 -0.0012196  0.0014637  0.0629331  0.0213162 -0.0058006  0.0002740  0.0006442 -0.0020417  0.0001829  0.0016047  0.0002091  0.0005041  0.0002132 -0.0014540  0.0014475  0.0013675 -0.0001690  0.0009743  0.0044539  0.0000518 -0.0000719
29 2  0.0116224 -0.0137462  0.0095436 -0.0944325  0.0020514  0.0123744 -0.0013420 -0.0133330  0.0052966  0.0115839 -0.0797999  0.1164564 -0.0044541 -0.0010791 -0.0609727 -0.1255664 -0.0097972  0.0078454  0.0049802  0.0065030 -0.0033266 -0.0016073 -0.0175065 -0.0938059 -0.0045467  0.0073679 -0.0005756 -0.0019160 -0.0003615  0.0007704 -0.0002419  0.0007798 -0.0011574 -0.0039201 -0.0001293 -0.0000168 -0.0045340  0.0049109 -0.0021741 -0.0010827  0.0009403 -0.0022497  0.0002092  0.0002240  0.0024946 -0.0000996 -0.0025201 -0.0012990 -0.0020058 -0.0076424  0.0161172  0.0653862 -0.0131166  0.0023426  0.0025773 -0.0001996  0.0005985 -0.0002987 -0.0129407 -0.0754869 -0.0011104  0.0068632  0.0020235  0.0008387 -0.0045858 -0.0015110  0.0003609  0.0004132  0.0014303  0.0091901 -0.0020630 -0.0008136  0.0160937 -0.0090271  0.0007424  0.0003881
29 3  0.0138511  0.0232173 -0.0276272 -0.0833869  0.0015243 -0.0007127  0.0420339  0.0214020 -0.0337385 -0.0506993  0.0296284  0.0048874  0.0259422  0.0420478  0.0083480  0.0329782  0.0006324 -0.0015569 -0.0156855 -0.0064175  0.0199153  0.0368826 -0.0025242  0.0207699 -0.0015655 -0.0017712 -0.0001729 -0.0013238 -0.0019889 -0.0004332  0.0001889  0.0000905  0.0012457  0.0010709  0.0006705  0.0050514  0.0012150 -0.0007722 -0.0019818 -0.0025494 -0.0008798 -0.0003799 -0.0001044  0.0003002 -0.0012926 -0.0010740 -0.0022346 -0.0034261 -0.0069214 -0.0149724 -0.0000543 -0.0130880  0.0011482  0.0012840 -0.0136610 -0.0058651  0.0082156  0.0021513 -0.0012646  0.0196599 -0.0002400 -0.0020368  0.0018235  0.0017247 -0.0007310 -0.0010410 -0.0001087 -0.0002440  0.0002765 -0.0011733 -0.0023487 -0.0025798  0.0002297 -0.0017564  0.0000993  0.0002336
30 0 -0.0607855        NaN  0.0080220        NaN  0.0088769        NaN -0.1351865        NaN -0.0069394        NaN  0.0074839        NaN  0.0182777        NaN  0.0101834        NaN -0.0016521        NaN  0.0698196        NaN  0.0065946        NaN  0.0036013        NaN  0.0002611        NaN -0.0000526        NaN  0.0001273        NaN -0.0004651        NaN  0.0006752        NaN -0.0007364        NaN -0.0010776        NaN  0.0007381        NaN  0.0011707        NaN -0.0000233        NaN  0.0011487        NaN  0.0006717        NaN  0.0027612        NaN -0.0059605        NaN  0.0012979        NaN -0.0027624        NaN  0.0013112        NaN  0.0056695        NaN  0.0007132        NaN  0.0000258        NaN -0.0022959        NaN -0.0003708        NaN -0.0004784        NaN  0.0001156        NaN -0.0002523        NaN -0.0001361        NaN
30 1 -0.0164617 -0.0343649 -0.1103636 -0.0176673  0.1201981 -0.0559874 -0.0254992  0.0061565  0.0207341  0.0042940  0.0780503  0.1031184 -0.0034818  0.0001694 -0.0467621 -0.0828506 -0.0371404  0.0373626  0.0164597 -0.0071416 -0.0150044 -0.0046190 -0.0608842 -0.0584364 -0.0078068  0.0006098 -0.0004752 -0.0004103 -0.0000933 -0.0004364 -0.0068868  0.0001366 -0.0011278 -0.0022148 -0.0003260  0.0012783 -0.0002702 -0.0010522 -0.0008963  0.0001151 -0.0047981 -0.0064152  0.0041589  0.0000962 -0.0023444  0.0024698 -0.0010297 -0.0006609  0.0036327 -0.0016562  0.0265502  0.0396643  0.0080656  0.0094847  0.0123615  0.0009948 -0.0071573  0.0002984 -0.0371753 -0.0481669  0.0024982 -0.0076805  0.0009506  0.0003130 -0.0005943 -0.0033323  0.0010721 -0.0001513  0.0026357  0.0032970 -0.0009100 -0.0005298  0.0083050  0.0048614  0.0002534 -0.0000841
30 2 -0.0140660  0.1977126 -0.0492363 -0.1266908 -0.0003965  0.0343252  0.0365414  0.0150876 -0.0013854 -0.2118522  0.0208601  0.0248870  0.0470880  0.1029771  0.0032969  0.0412103 -0.0024545 -0.0073002 -0.0187107 -0.0067526  0.0193451  0.1010521 -0.0121526  0.0127914 -0.0000198 -0.0012739  0.0024224 -0.0037039  0.0020827 -0.0026673  0.0007714 -0.0000019  0.0010947  0.0006731 -0.0018989  0.0012082 -0.0004308 -0.0009818 -0.0007489 -0.0023638 -0.0014747  0.0017108 -0.0003512 -0.0000173 -0.0002938  0.0006683 -0.0002662 -0.0029451 -0.0169181 -0.0323870  0.0131946 -0.0091411 -0.0016387 -0.0035101 -0.0015642  0.0011070  0.0239209  0.0629265 -0.0122717  0.0192019 -0.0008666 -0.0014210 -0.0000471  0.0023086  0.0041636  0.0004802  0.0000794 -0.0001200  0.0002001  0.0002933  0.0001844 -0.0020444  0.0007873 -0.0095968 -0.0000704  0.0002449
30 3 -0.0135349  0.0040958 -0.0093358 -0.0799082 -0.0504611 -0.0060789 -0.0067471  0.0037573  0.0079211  0.0001393  0.0538013  0.1595163  0.0028491  0.0105769 -0.0417558 -0.0700295  0.0140240  0.0013211  0.0018815  0.0023797  0.0033247  0.0060897 -0.0707001 -0.0924533  0.0039992  0.0026228 -0.0012687 -0.0011261  0.0009482 -0.0009182  0.0017356  0.0000603 -0.0033416 -0.0048061  0.0013024 -0.0003039  0.0038054  0.0008618  0.0006805  0.0012407  0.0012457 -0.0015716 -0.0012256  0.0002428  0.0000287  0.0022705  0.0005455  0.0012803 -0.0065182  0.0036978  0.0511901  0.0463164  0.0043416 -0.0001019  0.0009989 -0.0039608  0.0035551  0.0026156 -0.0620508 -0.0610878 -0.0001438 -0.0002476 -0.0006219 -0.0004253  0.0022140  0.0004842 -0.0002659 -0.0000829 -0.0002214 -0.0047339  0.0005991  0.0005748 -0.0019382  0.0041083 -0.0000701 -0.0001498
31 0  0.0224888        NaN -0.0263260        NaN  0.1368101        NaN -0.0257994        NaN -0.0006815        NaN -0.0501198        NaN -0.0158037        NaN  0.0122736        NaN -0.0407910        NaN  0.0086453        NaN -0.0095931        NaN  0.0118815        NaN -0.0053255        NaN -0.0003131        NaN  0.0002311        NaN -0.0030136        NaN  0.0006073        NaN  0.0000043        NaN -0.0025475        NaN -0.0004853        NaN  0.0011811        NaN  0.0016207        NaN -0.0004541        NaN -0.0007928        NaN  0.0052093        NaN  0.0020233        NaN  0.0227642        NaN -0.0002786        NaN -0.0076495        NaN  0.0048437        NaN  0.0010095        NaN  0.0001158        NaN -0.0026162        NaN -0.0002281        NaN -0.0003978        NaN -0.0000829        NaN  0.0032556        NaN -0.0002059        NaN
31 1  0.0195804  0.0165548  0.0333786 -0.0420040  0.0080257  0.0165401 -0.1598275 -0.0044509 -0.0497577 -0.2049029 -0.0303106  0.0572825  0.0085779  0.1008385  0.0220167  0.0164939 -0.0039407 -0.0060794  0.0869633  0.0065941  0.0184615  0.1094867  0.0358367 -0.0015126  0.0005599 -0.0021217 -0.0005617 -0.0036478  0.0036915 -0.0022018 -0.0020476 -0.0008098  0.0002143  0.0010849  0.0001921  0.0010879 -0.0001553  0.0008056  0.0021840 -0.0021198 -0.0021140 -0.0005368  0.0009711 -0.0000736 -0.0002592 -0.0009916  0.0016743 -0.0015018 -0.0041072 -0.0356137 -0.0192134 -0.0038999  0.0008366  0.0005080  0.0237100  0.0055641  0.0091488  0.0667895  0.0206021 -0.0007429  0.0002198 -0.0015813 -0.0020013  0.0011828 -0.0006991 -0.0004218  0.0007554  0.0002018  0.0011002 -0.0004151  0.0017935 -0.0011416 -0.0015129 -0.0032150 -0.0000413 -0.0000709
31 2 -0.0208017  0.0130802 -0.0021181 -0.3507953 -0.0179016  0.0105599  0.0088720 -0.0216051  0.0072758  0.0056478  0.0637512  0.3199405  0.0071286  0.0082345 -0.0449723 -0.0585337  0.0004466  0.0030014 -0.0017816  0.0085778  0.0061804 -0.0000425 -0.0652658 -0.1513197  0.0095183  0.0018101 -0.0014689 -0.0010115 -0.0005751  0.0001760  0.0025957  0.0022068 -0.0023784 -0.0032597  0.0007263 -0.0007142  0.0057711 -0.0042732 -0.0011055  0.0003730 -0.0008708  0.0018238 -0.0010115 -0.0004159 -0.0008978  0.0018002 -0.0013322  0.0008137 -0.0043413  0.0080084  0.0285290  0.0834021 -0.0170917  0.0019711  0.0027423  0.0008236  0.0034680 -0.0018064 -0.0326787 -0.0930446  0.0002200 -0.0064864  0.0010816 -0.0001561  0.0043636  0.0011360 -0.0001006  0.0001820  0.0000014 -0.0074212 -0.0011306  0.0004482 -0.0145830  0.0083114  0.0003768  0.0006374
31 3  0.0607072  0.0994154  0.0035635 -0.0225624  0.0023058  0.0035763  0.0442605  0.0210734 -0.0575080 -0.0930538  0.0002418 -0.0146746  0.0148667  0.0178578  0.0117452  0.0348971 -0.0003913 -0.0020731 -0.0227054 -0.0027829  0.0297646  0.0348495  0.0085824  0.0350907  0.0016501  0.0010108 -0.0004104 -0.0008133 -0.0013175  0.0003221  0.0005107 -0.0009140 -0.0012548 -0.0004708  0.0022859  0.0054894 -0.0005441  0.0014678 -0.0010691 -0.0014866  0.0017188  0.0002086 -0.0001095  0.0005057  0.0021891  0.0019783 -0.0017272 -0.0028808 -0.0057306 -0.0004566 -0.0061111 -0.0180022  0.0014571  0.0008152 -0.0119586 -0.0079725  0.0117394 -0.0106805  0.0073040  0.0221547 -0.0003543  0.0012725  0.0015310  0.0011757  0.0008512  0.0009885 -0.0001356 -0.0000238  0.0002726  0.0017202 -0.0020541 -0.0020134 -0.0001640  0.0019749  0.0001184  0.0004868
32 0 -0.0182474        NaN -0.0344262        NaN  0.0106151        NaN -0.1599472        NaN -0.0350419        NaN -0.0130231        NaN  0.0124320        NaN  0.0267816        NaN -0.0028757        NaN  0.0788946        NaN  0.0165987        NaN  0.0264759        NaN -0.0008848        NaN  0.0013794        NaN  0.0045478        NaN -0.0008637        NaN  0.0008811        NaN -0.0022891        NaN  0.0005794        NaN  0.0016837        NaN -0.0018970        NaN  0.0001812        NaN -0.0013431        NaN  0.0029354        NaN -0.0034627        NaN -0.0147746        NaN  0.0006606        NaN  0.0062880        NaN  0.0066279        NaN  0.0193617        NaN -0.0005243        NaN -0.0015918        NaN  0.0047580        NaN -0.0002866        NaN  0.0003110        NaN  0.0018726        NaN -0.0001602        NaN  0.0000460        NaN
32 1 -0.0215885 -0.0018993 -0.0219038 -0.1635293  0.0751032 -0.0183044 -0.0008865 -0.0212732  0.0152873  0.0015846  0.1111911  0.1899061  0.0030991  0.0078150 -0.0142546 -0.0236855 -0.0825942 -0.0099216 -0.0019208  0.0000690 -0.0001087  0.0033322 -0.0703342 -0.0871904  0.0141714 -0.0030599 -0.0009114  0.0004132 -0.0000380  0.0009841 -0.0043414  0.0006020 -0.0025167 -0.0059540  0.0014056 -0.0001576 -0.0015718  0.0043500  0.0009068  0.0011956  0.0042741  0.0055497  0.0030226 -0.0003072  0.0020559  0.0008057  0.0006913  0.0015485  0.0009094  0.0019737  0.0148720  0.0470977 -0.0214081 -0.0054356  0.0128364  0.0043699  0.0001696  0.0007011 -0.0281301 -0.0512848 -0.0014543  0.0057582 -0.0005333 -0.0008505  0.0007061  0.0030621  0.0008769 -0.0001365 -0.0033365 -0.0006206  0.0003850  0.0007374 -0.0076777 -0.0046162 -0.0001457  0.0001311
32 2  0.0894082  0.3436129 -0.0224650 -0.0845252  0.0005172  0.0284114  0.0482642  0.0149545 -0.0616518 -0.2535168 -0.0068192 -0.0163194  0.0324798  0.0206397 -0.0074342  0.0364688 -0.0020598 -0.0069814 -0.0281635  0.0028975  0.0425151  0.0950075 -0.0119424  0.0186416 -0.0010663 -0.0008101  0.0016343 -0.0008825 -0.0022020  0.0007442  0.0018483 -0.0007083 -0.0000464  0.0021465 -0.0011397  0.0023988  0.0011889  0.0024097 -0.0008238 -0.0011151  0.0002645 -0.0009198 -0.0003833  0.0002433  0.0006643  0.0003004 -0.0003540 -0.0024754 -0.0227977 -0.0196263  0.0137261 -0.0051726  0.0008838 -0.0024474 -0.0031616  0.0000855  0.0288094  0.0310931 -0.0107240  0.0176100  0.0002622  0.0002347  0.0004417  0.0012829 -0.0058129 -0.0002739 -0.0001122 -0.0000355  0.0001755  0.0008017 -0.0001989 -0.0009470 -0.0006225  0.0101288  0.0000473  0.0006904
32 3 -0.0078376 -0.0084826 -0.0812361 -0.1112947 -0.0384882  0.0028605  0.0032555  0.0052290  0.0116022 -0.0103657  0.1101181  0.2382714  0.0087029  0.0012823 -0.0446137 -0.0284309  0.0187068 -0.0036435  0.0044732  0.0035004  0.0035619  0.0082721 -0.0990245 -0.0938020  0.0010721  0.0033627 -0.0001166 -0.0004101 -0.0001938  0.0006947  0.0000163  0.0004958 -0.0028381 -0.0017886  0.0007925 -0.0010360 -0.0031151 -0.0008917  0.0000280  0.0002916 -0.0012356  0.0016330 -0.0007612  0.0003462  0.0024364  0.0003270 -0.0001682  0.0005501 -0.0011508 -0.0054870  0.0685519  0.0310852  0.0113688 -0.0010941 -0.0010470 -0.0018672  0.0044926  0.0006254 -0.0815352 -0.0488097 -0.0004886 -0.0005145 -0.0001831  0.0000333 -0.0021128 -0.0003224  0.0000001 -0.0002256  0.0010020  0.0044724  0.0002122  0.0000062  0.0014797 -0.0035593  0.0001343 -0.0000772
33 0 -0.0156034        NaN  0.1173286        NaN  0.1183984        NaN -0.0372097        NaN  0.0108509        NaN -0.0373354        NaN -0.0057323        NaN -0.0214435        NaN -0.0377342        NaN  0.0128303        NaN -0.0039058        NaN -0.0216294        NaN  0.0024545        NaN -0.0003320        NaN -0.0007450        NaN -0.0043673        NaN  0.0007246        NaN  0.0003364        NaN  0.0000320        NaN  0.0003361        NaN -0.0007809        NaN  0.0023532        NaN -0.0025694        NaN  0.0001789        NaN  0.0068142        NaN  0.0110842        NaN  0.0228054        NaN  0.0030019        NaN -0.0045322        NaN -0.0097189        NaN  0.0013605        NaN -0.0004634        NaN  0.0029154        NaN  0.0001761        NaN -0.0022466        NaN  0.0004181        NaN -0.0032340        NaN -0.0004389        NaN
33 1  0.0392147  0.1267593  0.0600213 -0.0575489  0.0050590  0.0145806 -0.0910205 -0.0286443 -0.0514976 -0.2362053 -0.0420584  0.0418633 -0.0026227  0.0278280 -0.0091858  0.0075953 -0.0041258 -0.0047253  0.0691570  0.0009105  0.0226455  0.1069550  0.0101697 -0.0135898 -0.0020859 -0.0001958  0.0003610 -0.0007249  0.0029386 -0.0015863 -0.0006080 -0.0007748  0.0004450 -0.0009700  0.0004319  0.0034804  0.0002754  0.0006454  0.0001425 -0.0004780 -0.0013113  0.0018322  0.0005796 -0.0000817 -0.0003025  0.0022135 -0.0002399 -0.0015371 -0.0059917 -0.0244967 -0.0006968  0.0079923 -0.0009751  0.0003607  0.0211944  0.0047688  0.0121197  0.0531364  0.0024353 -0.0101447 -0.0000525  0.0005662 -0.0004158  0.0006552  0.0001458  0.0006130  0.0006517  0.0002392 -0.0012801  0.0014876 -0.0000789 -0.0005493  0.0014687  0.0040811 -0.0002658  0.0001034
33 2 -0.0079247 -0.0050532 -0.1623670 -0.4455584 -0.0206656  0.0214022  0.0330398 -0.0073203  0.0089345  0.0019551  0.1722719  0.4010364  0.0068405 -0.0036046 -0.0294339  0.0270037  0.0041025 -0.0026691 -0.0023401  0.0061016  0.0050168 -0.0020817 -0.1090299 -0.1566715 -0.0043055  0.0125785 -0.0007479 -0.0003677  0.0008878  0.0007986  0.0025771  0.0024925 -0.0026920 -0.0034699  0.0002628 -0.0006390 -0.0044504  0.0030563 -0.0013805 -0.0005056  0.0006543 -0.0016125 -0.0015579 -0.0003289  0.0030741 -0.0002626 -0.0015963 -0.0005694 -0.0064216 -0.0030302  0.0577875  0.0640876 -0.0083588  0.0004369 -0.0018289  0.0012352  0.0061205 -0.0014288 -0.0642495 -0.0707457 -0.0018417  0.0061054  0.0013266  0.0005600 -0.0042075 -0.0012823 -0.0002182 -0.0000682  0.0018157  0.0079844 -0.0013422 -0.0003410  0.0130682 -0.0076256  0.0005641  0.0007701
33 3  0.0674407  0.1218589  0.0078791 -0.0076639  0.0027030  0.0030815  0.0099694  0.0181041 -0.0670015 -0.1012953 -0.0230606 -0.0471874 -0.0009094 -0.0165130  0.0208701  0.0098802 -0.0014771 -0.0017939 -0.0127889 -0.0048753  0.0275749  0.0184363  0.0301037  0.0196376 -0.0024642 -0.0025185 -0.0016135 -0.0026329 -0.0015557 -0.0008480 -0.0002383 -0.0002939  0.0021084  0.0004360  0.0024166  0.0061020  0.0008742 -0.0003368 -0.0008673 -0.0008380 -0.0005721 -0.0005988  0.0000784  0.0002543 -0.0019265 -0.0012205 -0.0018959 -0.0026502 -0.0060137  0.0041010 -0.0153006 -0.0000190  0.0009934 -0.0004084 -0.0048868 -0.0085385  0.0033895 -0.0182092  0.0181921  0.0037819 -0.0000573 -0.0017857  0.0016834  0.0007531 -0.0002499 -0.0010152 -0.0000839 -0.0000480  0.0002678 -0.0008074 -0.0021697 -0.0016372  0.0000288 -0.0020611  0.0000321  0.0001732
34 0  0.0113102        NaN -0.0098647        NaN  0.0120363        NaN -0.1509516        NaN -0.0526979        NaN -0.0326015        NaN  0.0021904        NaN  0.0201270        NaN -0.0018207        NaN  0.0715987        NaN  0.0182669        NaN  0.0257244        NaN  0.0000641        NaN  0.0019789        NaN  0.0008307        NaN -0.0007530        NaN  0.0003384        NaN -0.0025380        NaN -0.0000661        NaN -0.0011184        NaN  0.0004482        NaN  0.0004511        NaN  0.0015899        NaN  0.0002347        NaN -0.0038674        NaN -0.0153746        NaN  0.0007781        NaN  0.0091561        NaN  0.0099179        NaN  0.0191769        NaN  0.0001300        NaN  0.0003580        NaN -0.0023761        NaN -0.0002363        NaN -0.0000954        NaN -0.0003108        NaN  0.0002851        NaN -0.0001125        NaN
34 1 -0.0135040 -0.0046821 -0.1181367 -0.2032727  0.0292366 -0.0063207  0.0282141 -0.0084357  0.0078150 -0.0028221  0.0696127  0.2165810  0.0076863 -0.0042394  0.0160433  0.0253737 -0.0198325  0.0200644 -0.0088031 -0.0003312 -0.0027977  0.0046551 -0.0517930 -0.0811059 -0.0150720  0.0083733 -0.0004468  0.0005556  0.0008607  0.0001706 -0.0039629 -0.0003893 -0.0002807 -0.0015914  0.0002288 -0.0002666  0.0006224 -0.0025370  0.0001407 -0.0003530 -0.0041925 -0.0052340  0.0021680 -0.0000057 -0.0013567  0.0018262 -0.0000353 -0.0000840 -0.0057426 -0.0062870  0.0154632  0.0382821 -0.0134093  0.0067028  0.0094257  0.0034777  0.0021145  0.0041115 -0.0201822 -0.0402360  0.0008101 -0.0061457  0.0000217  0.0001450 -0.0007837 -0.0028513  0.0010163  0.0000124  0.0037383  0.0026006 -0.0000004 -0.0003214  0.0071056  0.0042512  0.0004067  0.0002142
34 2  0.0963465  0.3859894 -0.0200162 -0.0464210  0.0001614  0.0189217  0.0392299  0.0092918 -0.0844815 -0.1927911 -0.0225238 -0.0460506  0.0094295 -0.0625619 -0.0017826  0.0385035 -0.0025342 -0.0061323 -0.0299064  0.0077087  0.0470202  0.0505624  0.0044164  0.0400386 -0.0002217 -0.0006572 -0.0006238 -0.0053625 -0.0011238 -0.0028710  0.0017317 -0.0007716  0.0006323 -0.0014520  0.0006630  0.0034461 -0.0005295 -0.0006806  0.0005728 -0.0010927 -0.0001836  0.0016386 -0.0003646  0.0004039 -0.0004533  0.0003707  0.0004670 -0.0031284 -0.0229098 -0.0013330  0.0076102 -0.0221027 -0.0017451 -0.0027175  0.0001729 -0.0011987  0.0256334 -0.0057252 -0.0031612  0.0347685 -0.0004665 -0.0009823 -0.0000067  0.0011218  0.0044060  0.0005543 -0.0001426 -0.0000055  0.0002499  0.0001981  0.0002282 -0.0010224  0.0002303 -0.0087936 -0.0000337  0.0005497
34 3 -0.0202989  0.0092602 -0.0389619 -0.1490845 -0.0339754  0.0038128 -0.0024282 -0.0034898  0.0103477 -0.0120276  0.1095816  0.2285792  0.0037704  0.0029711 -0.0210728  0.0411683  0.0132259 -0.0006196  0.0013757  0.0032532  0.0039573  0.0037619 -0.0725897 -0.0422563  0.0054569  0.0004493 -0.0008276  0.0011084 -0.0002789 -0.0010635  0.0009066  0.0006641 -0.0031427 -0.0025710  0.0005383 -0.0022043  0.0013677 -0.0002323  0.0003550  0.0005845  0.0010689 -0.0016452 -0.0006934  0.0000458 -0.0018225  0.0004767  0.0000419  0.0016939 -0.0091144  0.0053841  0.0498027 -0.0068872  0.0041867  0.0016148  0.0003337  0.0004473  0.0034549  0.0007710 -0.0619314 -0.0069830  0.0013078  0.0006403 -0.0002415 -0.0003962  0.0021608  0.0004457 -0.0001935 -0.0002343 -0.0014516 -0.0051616  0.0003394  0.0006066 -0.0010408  0.0029982 -0.0001151 -0.0000723
35 0 -0.0031621        NaN -0.0001527        NaN  0.0935225        NaN -0.0318640        NaN  0.0207204        NaN -0.0217685        NaN -0.0020489        NaN -0.0216760        NaN -0.0323054        NaN  0.0183584        NaN -0.0071820        NaN -0.0265857        NaN -0.0078464        NaN -0.0003499        NaN  0.0010881        NaN -0.0062048        NaN  0.0003906        NaN -0.0009981        NaN -0.0005410        NaN -0.0000368        NaN  0.0006138        NaN  0.0028879        NaN  0.0000025        NaN -0.0000563        NaN -0.0002604        NaN  0.0185253        NaN  0.0118564        NaN  0.0044333        NaN -0.0048422        NaN -0.0166804        NaN  0.0003697        NaN  0.0000716        NaN -0.0027094        NaN  0.0006288        NaN  0.0007031        NaN  0.0000837        NaN  0.0031679        NaN  0.0000691        NaN
35 1  0.0077684  0.1952249  0.0264873 -0.0269388 -0.0015283  0.0131276 -0.0197149 -0.0064609 -0.0282151 -0.1832663 -0.0186586  0.0235760 -0.0082815 -0.0267554 -0.0073544  0.0145388 -0.0027285 -0.0051264  0.0227824  0.0137821  0.0170076  0.0608213  0.0052659 -0.0021808  0.0009055 -0.0004878 -0.0011058 -0.0061023 -0.0001123 -0.0006769  0.0002877 -0.0003742  0.0002348 -0.0003021 -0.0007416  0.0054195 -0.0005287  0.0004239 -0.0003499  0.0003653 -0.0008211 -0.0006708 -0.0001488 -0.0002162 -0.0002847 -0.0011156 -0.0005493 -0.0018749 -0.0068618 -0.0073364  0.0035783  0.0000347  0.0016236 -0.0004803  0.0170505  0.0099678  0.0104399  0.0232221 -0.0000193  0.0015282  0.0003491 -0.0013743  0.0005578  0.0008305 -0.0008269 -0.0001657  0.0007406  0.0001476  0.0008907 -0.0003407 -0.0006853 -0.0009876 -0.0015029 -0.0031021 -0.0003160 -0.0000002
35 2 -0.0192234  0.0046870 -0.0964048 -0.3952204 -0.0397076  0.0285402  0.0387372 -0.0053535  0.0038439 -0.0055446  0.1957618  0.2659512  0.0139825 -0.0005071 -0.0111583  0.0807952  0.0094026 -0.0056749 -0.0078943  0.0060898  0.0115000 -0.0002338 -0.1103312 -0.0899260  0.0106774 -0.0014062 -0.0011603  0.0002545 -0.0021406 -0.0005383  0.0040844  0.0021040 -0.0007062  0.0020591  0.0003705 -0.0017184  0.0032276 -0.0039255 -0.0001429  0.0019437 -0.0004839  0.0011182 -0.0021490 -0.0005768 -0.0026900  0.0002304 -0.0002637  0.0025522 -0.0068347  0.0060900  0.0573286  0.0257368 -0.0107442  0.0034205 -0.0032469  0.0006903  0.0072099 -0.0021978 -0.0650990 -0.0223092  0.0016726 -0.0050979  0.0002421 -0.0013863  0.0041079  0.0011078 -0.0004880 -0.0001253 -0.0016199 -0.0080596 -0.0002223  0.0019190 -0.0113227  0.0069670 -0.0000520  0.0007542
35 3  0.0660858  0.1045547  0.0621153  0.0873030 -0.0007354 -0.0025200 -0.0047702  0.0096172 -0.0477240 -0.0601742 -0.0572186 -0.0655498 -0.0179775 -0.0469107  0.0125674 -0.0396690 -0.0012709 -0.0010457 -0.0069951 -0.0007703  0.0184158 -0.0023304  0.0344362 -0.0204856  0.0017057  0.0019235 -0.0002835 -0.0001677 -0.0009647  0.0007769 -0.0008950 -0.0003738 -0.0008943 -0.0010655  0.0009966  0.0039971 -0.0006474  0.0009489 -0.0010236  0.0009884  0.0016985 -0.0000161  0.0002289  0.0001541  0.0016187  0.0020078 -0.0015667 -0.0002752  0.0036371  0.0176936 -0.0168824  0.0298887  0.0004737  0.0002559 -0.0014882 -0.0081427 -0.0028924 -0.0282956  0.0214496 -0.0331551  0.0000269  0.0012743  0.0016092 -0.0009670  0.0006055  0.0010127  0.0000126  0.0000946 -0.0003509  0.0011476 -0.0020089  0.0002714 -0.0000264  0.0019560 -0.0000799  0.0002094
36 0  0.0426945        NaN -0.0081884        NaN  0.0068784        NaN -0.1372099        NaN -0.0534799        NaN -0.0346312        NaN -0.0035863        NaN  0.0095591        NaN  0.0000014        NaN  0.0600150        NaN  0.0143292        NaN  0.0233301        NaN -0.0012883        NaN  0.0023629        NaN  0.0052557        NaN -0.0014999        NaN  0.0008951        NaN -0.0025994        NaN  0.0000180        NaN -0.0011646        NaN -0.0025964        NaN  0.0006943        NaN -0.0015542        NaN  0.0003954        NaN -0.0027100        NaN -0.0078209        NaN  0.0000134        NaN  0.0143927        NaN  0.0058381        NaN  0.0099531        NaN  0.0000397        NaN -0.0002825        NaN  0.0040553        NaN  0.0000260        NaN -0.0000458        NaN  0.0002594        NaN -0.0001627        NaN -0.0000219        NaN
36 1 -0.0074274  0.0138410  0.0506430 -0.1824842 -0.0369419  0.0003354  0.0436321 -0.0160710  0.0081922 -0.0039908  0.0271539  0.1421919  0.0096545  0.0045194  0.0058364  0.0448850 -0.0296321 -0.0135385 -0.0183137  0.0009061  0.0099183  0.0049744 -0.0437816 -0.0461609  0.0164140 -0.0041621 -0.0001917  0.0005641 -0.0013959  0.0005346 -0.0006540 -0.0006365  0.0011703 -0.0033042 -0.0000336 -0.0012569 -0.0015830  0.0026927  0.0010450  0.0007920  0.0035859  0.0042490  0.0006275  0.0000288  0.0005543 -0.0000649  0.0011725  0.0019578 -0.0050144 -0.0026924  0.0099395  0.0214666 -0.0327433 -0.0034163  0.0084777  0.0035237  0.0063951  0.0032151 -0.0145497 -0.0214838 -0.0006687  0.0055739 -0.0009611 -0.0012899  0.0008621  0.0024823  0.0008415  0.0001441 -0.0036059 -0.0015571  0.0010014  0.0013884 -0.0064099 -0.0037934 -0.0000730  0.0003451
36 2  0.1033138  0.2908417  0.0299484  0.0256788 -0.0020685 -0.0018790  0.0689406  0.0080026 -0.0693171 -0.0539444 -0.0243696 -0.0681762 -0.0079375 -0.1090158 -0.0108760  0.0060113  0.0001650 -0.0016720 -0.0402120  0.0116487  0.0344345 -0.0055849  0.0013981  0.0204493 -0.0005467  0.0002589 -0.0012152 -0.0012131 -0.0049049  0.0027934  0.0013846 -0.0006045 -0.0007657  0.0013839  0.0002933  0.0024344  0.0012272  0.0011844  0.0008538  0.0007986  0.0018702 -0.0011437 -0.0001410  0.0006849  0.0008051  0.0001701  0.0008186 -0.0010770 -0.0156810  0.0156441  0.0019317 -0.0027312  0.0015179  0.0002561 -0.0034074 -0.0031287  0.0145453 -0.0384199  0.0002779  0.0117118  0.0001150  0.0007270 -0.0000652 -0.0004571 -0.0047660 -0.0000522 -0.0003462 -0.0000068  0.0000705  0.0001151  0.0005406  0.0008420 -0.0001277  0.0078318 -0.0000166  0.0005342
36 3 -0.0076058 -0.0042002 -0.0688248 -0.0822854 -0.0034422 -0.0030503  0.0067702  0.0007329  0.0069867 -0.0150206  0.1024276  0.1370789  0.0056638 -0.0038407 -0.0125089  0.0951438  0.0130162 -0.0073093  0.0015934  0.0006801  0.0014424  0.0053583 -0.0649645  0.0314105 -0.0005476  0.0019383  0.0003270  0.0019049  0.0004733  0.0008359 -0.0008106  0.0007983 -0.0000576  0.0016788 -0.0000248 -0.0012755 -0.0026553 -0.0019511  0.0005426 -0.0015205 -0.0009537  0.0016108 -0.0000251  0.0001727  0.0021857 -0.0016035  0.0004796 -0.0009110  0.0019458 -0.0023693  0.0389110 -0.0503793  0.0089937 -0.0014422 -0.0025669  0.0039408  0.0024381 -0.0004810 -0.0493987  0.0433486 -0.0010808  0.0000197 -0.0004021  0.0010814 -0.0019150 -0.0003628 -0.0000296 -0.0004693  0.0009260  0.0030835  0.0005242 -0.0011803  0.0008980 -0.0024784 -0.0000553  0.0000213
37 0 -0.0298845        NaN  0.0792450        NaN  0.0613242        NaN -0.0226794        NaN  0.0218761        NaN  0.0258948        NaN  0.0040718        NaN -0.0414803        NaN -0.0195414        NaN  0.0174719        NaN -0.0032219        NaN -0.0575670        NaN  0.0072834        NaN  0.0000844        NaN -0.0003373        NaN -0.0047546        NaN  0.0001542        NaN -0.0001127        NaN -0.0003059        NaN  0.0013926        NaN -0.0006701        NaN  0.0025985        NaN -0.0022986        NaN  0.0018923        NaN  0.0042563        NaN  0.0248161        NaN  0.0124480        NaN  0.0073266        NaN -0.0011265        NaN -0.0298584        NaN  0.0012858        NaN -0.0012615        NaN  0.0026723        NaN  0.0006559        NaN -0.0023500        NaN  0.0012881        NaN -0.0030334        NaN -0.0001188        NaN
37 1  0.0125686  0.1523518  0.0279695 -0.0551341 -0.0035228  0.0059367  0.0929781 -0.0336573 -0.0022148 -0.0814523  0.0008810 -0.0063483 -0.0083867 -0.0552212  0.0086276 -0.0088601 -0.0021193 -0.0023883 -0.0201430  0.0068305  0.0058285  0.0132511  0.0170645 -0.0219407 -0.0016841  0.0009153 -0.0002005 -0.0001573 -0.0000256 -0.0002905  0.0019238  0.0002715 -0.0001532 -0.0012252  0.0003678  0.0043828  0.0007851 -0.0001900 -0.0018878  0.0011063 -0.0001871  0.0013872 -0.0006693 -0.0000203  0.0001706  0.0017156 -0.0018750 -0.0010250 -0.0070014  0.0119864 -0.0100789  0.0237966 -0.0003361  0.0001751  0.0072306  0.0055992  0.0082802  0.0000782  0.0144559 -0.0182596 -0.0005354  0.0010724  0.0013678  0.0003165 -0.0006986  0.0006479  0.0005027 -0.0000634 -0.0007446  0.0006428 -0.0016521 -0.0005162  0.0018187  0.0031490 -0.0004084  0.0001719
37 2 -0.0037168  0.0075096 -0.1340151 -0.1868749 -0.0412570  0.0137722  0.0379871  0.0107922 -0.0044623 -0.0042183  0.1360566  0.0783452  0.0096235 -0.0028060  0.0128406  0.1115182  0.0140672 -0.0082557 -0.0057794  0.0038026  0.0105162  0.0005376 -0.0676803  0.0118870 -0.0066502  0.0110021  0.0003792  0.0004198  0.0017713  0.0003583  0.0027572  0.0007602 -0.0002912 -0.0000107 -0.0001487 -0.0004304 -0.0030428  0.0019622 -0.0004946  0.0013634  0.0004662 -0.0008651 -0.0021573 -0.0000632  0.0030162 -0.0008034 -0.0004043  0.0013770 -0.0066409 -0.0017236  0.0377629 -0.0293713 -0.0031300 -0.0017736 -0.0095073  0.0014873  0.0081174  0.0018524 -0.0397809  0.0422007 -0.0022639  0.0048749  0.0002469 -0.0008226 -0.0036029 -0.0009658 -0.0003940 -0.0001843  0.0020183  0.0064582 -0.0003387  0.0011528  0.0098378 -0.0062700  0.0000440  0.0003206
37 3  0.0265569  0.0412191  0.0487094  0.1042812  0.0011320 -0.0047354 -0.0374241 -0.0057085 -0.0172749  0.0040189 -0.0414412 -0.0648531 -0.0254110 -0.0513341  0.0021002 -0.0569479 -0.0006585  0.0010066  0.0045974  0.0017724 -0.0052858 -0.0331586  0.0191377 -0.0349432 -0.0022416 -0.0022902 -0.0010845 -0.0009203 -0.0002952 -0.0009805 -0.0002819  0.0001281  0.0017029 -0.0002205  0.0006098  0.0019852  0.0004675 -0.0004126 -0.0004014  0.0013634 -0.0006321 -0.0004736  0.0003082 -0.0003787 -0.0020714 -0.0014497 -0.0007135  0.0002219  0.0087744  0.0194063 -0.0073234  0.0340546  0.0004867 -0.0001908  0.0048529 -0.0049039 -0.0152753 -0.0351434  0.0106070 -0.0383924  0.0001582 -0.0012246  0.0009546 -0.0012098  0.0000764 -0.0008974 -0.0001605  0.0001224  0.0001855 -0.0007661 -0.0012774  0.0006850 -0.0000749 -0.0024191 -0.0002456 -0.0003407
38 0  0.0516714        NaN  0.0224968        NaN  0.0065282        NaN -0.0864669        NaN -0.0441159        NaN -0.0220529        NaN -0.0118045        NaN  0.0036715        NaN -0.0002110        NaN  0.0386471        NaN  0.0070229        NaN  0.0182909        NaN  0.0003282        NaN  0.0001535        NaN  0.0005355        NaN -0.0009829        NaN -0.0006070        NaN  0.0004038        NaN  0.0003465        NaN -0.0009810        NaN  0.0003682        NaN  0.0007197        NaN  0.0015215        NaN -0.0009267        NaN -0.0010883        NaN -0.0065407        NaN -0.0000013        NaN  0.0130130        NaN  0.0033525        NaN  0.0073407        NaN -0.0001043        NaN  0.0000997        NaN -0.0027045        NaN  0.0000992        NaN  0.0000979        NaN -0.0002283        NaN  0.0003806        NaN -0.0002464        NaN
38 1 -0.0099950  0.0119975 -0.0293857 -0.1115001 -0.0739082  0.0336119  0.0452018 -0.0140596 -0.0062665  0.0024760 -0.0300469  0.1029626  0.0138188 -0.0013820  0.0037019  0.0554520  0.0293182  0.0025188 -0.0174651  0.0041737  0.0086705  0.0064066 -0.0168338 -0.0100611 -0.0182237  0.0100266  0.0006412 -0.0002230  0.0013575  0.0000402  0.0004621 -0.0005935  0.0004859  0.0011145 -0.0008484 -0.0012937  0.0027384 -0.0032628 -0.0004043 -0.0003083 -0.0033280 -0.0037220 -0.0003660  0.0001744 -0.0000157  0.0002621 -0.0002082  0.0005528 -0.0111007 -0.0067777  0.0136774 -0.0002834 -0.0139520  0.0017745  0.0051957  0.0011184  0.0089520  0.0046396 -0.0131322 -0.0006793 -0.0007157 -0.0042470  0.0002202 -0.0002384 -0.0008526 -0.0021943  0.0008346  0.0002523  0.0047262  0.0015342 -0.0000842  0.0003911  0.0056765  0.0032355  0.0002107  0.0000783
38 2  0.0561098  0.1483142  0.0137351  0.0642903 -0.0040988 -0.0136372  0.0560795  0.0010428 -0.0301349  0.0966537 -0.0104482 -0.0517501 -0.0198117 -0.1085859 -0.0052948  0.0023843  0.0011972  0.0020611 -0.0396298  0.0094379  0.0106052 -0.0635862  0.0047957  0.0221063  0.0005012  0.0005848 -0.0014190 -0.0035681 -0.0016051 -0.0014315  0.0016886  0.0001248 -0.0001817 -0.0030887  0.0012947  0.0008197 -0.0009013 -0.0011461  0.0011008  0.0007521  0.0003401  0.0009876 -0.0001051  0.0003816 -0.0004776 -0.0000961  0.0005737 -0.0005413 -0.0034568  0.0252490 -0.0040661 -0.0123654 -0.0011379  0.0003561 -0.0023514 -0.0011493  0.0010540 -0.0601482  0.0053476  0.0174132 -0.0000635 -0.0003413 -0.0003589 -0.0008170  0.0042542  0.0003943 -0.0005678  0.0000394  0.0000774 -0.0001899  0.0006117  0.0011306 -0.0001080 -0.0076986 -0.0001064 -0.0000111
38 3  0.0003708  0.0059012  0.0055672  0.0201184 -0.0019082  0.0039064  0.0059908  0.0003608 -0.0057919 -0.0087489  0.0154555 -0.0471453 -0.0019713 -0.0040155  0.0325670  0.0979190  0.0001930  0.0012782 -0.0028533 -0.0022678  0.0021115 -0.0043895  0.0251266  0.0927000  0.0025871 -0.0040852  0.0000562  0.0027199 -0.0010724 -0.0010549 -0.0006413 -0.0005865  0.0001226  0.0006835 -0.0003585 -0.0018433  0.0000464  0.0005229  0.0009589 -0.0014298  0.0009066 -0.0015633  0.0004402  0.0004404 -0.0039548 -0.0002176  0.0008733 -0.0005727 -0.0046012  0.0047181 -0.0173498 -0.0719340  0.0025360  0.0024446 -0.0008958  0.0013598 -0.0005802 -0.0014497  0.0159277  0.0727941  0.0024679  0.0007990 -0.0007169  0.0006964  0.0018306  0.0004427 -0.0001155 -0.0002424 -0.0024837 -0.0043914  0.0009467 -0.0006594 -0.0005856  0.0021153 -0.0002002 -0.0000579
39 0 -0.0134498        NaN -0.0896634        NaN  0.0277300        NaN -0.0072408        NaN  0.0148027        NaN  0.0377153        NaN  0.0078612        NaN -0.0063705        NaN -0.0140666        NaN  0.0130222        NaN -0.0003247        NaN -0.0228193        NaN -0.0071399        NaN  0.0011308        NaN  0.0011673        NaN -0.0034309        NaN -0.0016038        NaN -0.0000682        NaN  0.0010467        NaN -0.0003902        NaN  0.0002609        NaN  0.0017900        NaN  0.0019135        NaN  0.0000715        NaN -0.0048965        NaN  0.0074375        NaN -0.0002439        NaN  0.0074244        NaN  0.0005461        NaN -0.0122455        NaN -0.0007986        NaN  0.0002063        NaN -0.0025190        NaN  0.0006853        NaN  0.0021324        NaN -0.0003345        NaN  0.0028381        NaN  0.0002106        NaN
39 1  0.0002772  0.1112125  0.0113999 -0.0222777 -0.0086721  0.0029030  0.1246373  0.0010914  0.0208545  0.0021654 -0.0085448 -0.0289176 -0.0065990 -0.0472088 -0.0059696  0.0088938  0.0018967  0.0005991 -0.0579744  0.0114927 -0.0036754 -0.0323254 -0.0037375  0.0041133  0.0013082  0.0001332 -0.0014002 -0.0047401 -0.0026753  0.0010822  0.0023696  0.0001005  0.0000497  0.0000213  0.0008455  0.0038186 -0.0006479 -0.0001642 -0.0024608  0.0015544  0.0004103 -0.0011596 -0.0010001 -0.0001667 -0.0000684 -0.0016961 -0.0030520 -0.0004752 -0.0038027  0.0188883  0.0028487  0.0068916  0.0012985 -0.0009731  0.0028940  0.0084686  0.0039644 -0.0204017  0.0021344  0.0036795  0.0004161 -0.0008170  0.0023681  0.0002539 -0.0007714 -0.0002437  0.0004663 -0.0000457  0.0006751 -0.0006876 -0.0025810 -0.0005278 -0.0014420 -0.0028378 -0.0002777 -0.0001022
39 2  0.0058890 -0.0058472  0.0078692  0.0087897 -0.0488431  0.0230589  0.0219287  0.0112283 -0.0096477 -0.0058172  0.0401445 -0.1530455  0.0070360 -0.0035428  0.0491061  0.0914471  0.0162641 -0.0056348 -0.0014742  0.0016723  0.0083518  0.0004176  0.0241687  0.0976485  0.0075802 -0.0066209  0.0004710  0.0006224 -0.0024476 -0.0009248  0.0037728 -0.0005721  0.0019443  0.0055522  0.0004209 -0.0011973  0.0019834 -0.0021035  0.0002325  0.0022485 -0.0002072  0.0005392 -0.0023656  0.0000417 -0.0036231  0.0001324  0.0002573  0.0025270 -0.0027307  0.0001292 -0.0161015 -0.0660491 -0.0010616  0.0036460 -0.0115167  0.0001637  0.0036590 -0.0003188  0.0210627  0.0853021  0.0023540 -0.0043991 -0.0004763 -0.0015291  0.0033790  0.0010088 -0.0005695  0.0000465 -0.0023795 -0.0068384  0.0003176  0.0020952 -0.0082150  0.0056101 -0.0003808  0.0001173
39 3 -0.0179926 -0.0558409  0.0578664  0.1282907 -0.0016042 -0.0098168 -0.0368137  0.0006460  0.0261420  0.0723901 -0.0276370 -0.0308956 -0.0279292 -0.0470756 -0.0116032 -0.0772514 -0.0001443  0.0014007  0.0120299  0.0022868 -0.0181281 -0.0405989 -0.0021459 -0.0614284  0.0021287  0.0028325  0.0004690  0.0031374  0.0000098  0.0012372 -0.0010451  0.0003676 -0.0011183 -0.0012507 -0.0012621 -0.0022432 -0.0005848  0.0000495 -0.0002117  0.0013927  0.0011735 -0.0000258  0.0004867 -0.0004133  0.0014842  0.0014065  0.0006444  0.0021525  0.0164485  0.0215285  0.0005401  0.0436637 -0.0009760  0.0006161  0.0050477 -0.0054902 -0.0189014 -0.0257934  0.0008804 -0.0557507  0.0001176  0.0014513  0.0003430 -0.0017531  0.0004108  0.0009287  0.0000297  0.0002013 -0.0005439  0.0003200 -0.0004627  0.0014311  0.0002032  0.0018660 -0.0002209 -0.0002023
40 0  0.0404137        NaN  0.0428243        NaN  0.0011271        NaN -0.0726545        NaN -0.0268807        NaN -0.0143271        NaN -0.0095140        NaN  0.0012872        NaN  0.0011750        NaN  0.0260541        NaN  0.0003578        NaN  0.0196907        NaN -0.0009846        NaN -0.0004481        NaN  0.0043945        NaN -0.0008955        NaN  0.0007498        NaN  0.0011400        NaN -0.0006742        NaN -0.0003965        NaN -0.0023494        NaN  0.0008143        NaN -0.0018882        NaN -0.0008718        NaN  0.0028976        NaN -0.0107386        NaN -0.0002379        NaN  0.0201985        NaN -0.0018014        NaN  0.0088510        NaN  0.0006308        NaN -0.0001689        NaN  0.0028994        NaN  0.0002634        NaN -0.0005653        NaN -0.0000654        NaN -0.0002918        NaN -0.0000509        NaN
40 1  0.0025889  0.0068275  0.0958879 -0.0960450 -0.1022125  0.0090738  0.0376726 -0.0075689 -0.0035859 -0.0013309 -0.0186075  0.0416988  0.0068541  0.0030012 -0.0241712  0.0502642  0.0240856 -0.0110351 -0.0149569  0.0041120  0.0118803 -0.0014263 -0.0279342  0.0155520  0.0176927 -0.0057828  0.0008297 -0.0015987 -0.0018369  0.0000733  0.0035710 -0.0000441  0.0017477 -0.0012301 -0.0012652 -0.0018879 -0.0012184  0.0019485  0.0006450  0.0007825  0.0027776  0.0030242 -0.0014168 -0.0000170  0.0002352 -0.0004398  0.0013215  0.0016357 -0.0045885 -0.0014424  0.0191648 -0.0142971 -0.0248310 -0.0017902  0.0023091 -0.0016949  0.0061937  0.0009311 -0.0219296  0.0145824 -0.0003484  0.0044385 -0.0007789 -0.0006954  0.0007753  0.0018356  0.0005328  0.0003364 -0.0031624 -0.0015823  0.0009403  0.0011595 -0.0049282 -0.0027141 -0.0003744  0.0002337
40 2  0.0072750 -0.0280515  0.0252244  0.0941864 -0.0050947 -0.0207975  0.0707636  0.0056303  0.0120709  0.1969984  0.0065394 -0.0387089 -0.0188719 -0.0724790  0.0161910 -0.0266309  0.0036719  0.0043277 -0.0444487  0.0064640 -0.0109702 -0.0808517  0.0228934 -0.0052189  0.0001714  0.0010392 -0.0013555  0.0035912 -0.0044016  0.0042934  0.0010166  0.0014154 -0.0008315  0.0014422  0.0015828 -0.0030686  0.0009023  0.0000416  0.0008321  0.0005192  0.0020272 -0.0015303  0.0002360  0.0001040  0.0007554 -0.0001964  0.0003961  0.0010722  0.0050814  0.0249290 -0.0280069  0.0077736  0.0017869  0.0019442 -0.0083347 -0.0037479 -0.0100940 -0.0546181  0.0272465 -0.0096373 -0.0000217  0.0009732 -0.0002791 -0.0011292 -0.0036552 -0.0001589 -0.0006475 -0.0000181 -0.0000370 -0.0004460  0.0005174  0.0015600  0.0002712  0.0059007  0.0000849  0.0001255
40 3  0.0039452 -0.0026287 -0.0044397  0.2059118  0.0184127 -0.0089734 -0.0062069  0.0058684 -0.0063852 -0.0027220 -0.0602634 -0.2126394  0.0002416 -0.0033183  0.0366654  0.0640975  0.0015542 -0.0055750 -0.0033653 -0.0055744  0.0007797 -0.0003276  0.0658191  0.1325644 -0.0037256 -0.0002717  0.0002740  0.0021483  0.0012045  0.0009734 -0.0026338 -0.0012655  0.0026674  0.0036293  0.0000226 -0.0001989 -0.0009040 -0.0016168  0.0008210 -0.0025429 -0.0007201  0.0014647  0.0011031  0.0006739  0.0022687 -0.0021063  0.0004249 -0.0025967  0.0037826 -0.0000907 -0.0365713 -0.0779558  0.0054376 -0.0027321 -0.0008688  0.0013584  0.0017055 -0.0010015  0.0404741  0.0850418 -0.0016832  0.0001638 -0.0003999  0.0017439 -0.0016171 -0.0004114  0.0001404 -0.0002572  0.0012507  0.0022405  0.0004737 -0.0020825  0.0005094 -0.0017147  0.0000471 -0.0002668
41 0 -0.0143151        NaN -0.0199565        NaN  0.0072514        NaN  0.0047207        NaN  0.0102535        NaN  0.0353293        NaN  0.0054795        NaN -0.0142427        NaN -0.0081287        NaN  0.0050994        NaN  0.0006205        NaN -0.0220578        NaN  0.0103682        NaN  0.0012982        NaN  0.0002594        NaN -0.0017501        NaN -0.0006815        NaN -0.0003679        NaN -0.0009065        NaN  0.0006955        NaN -0.0004748        NaN  0.0011848        NaN -0.0010799        NaN  0.0015110        NaN  0.0004475        NaN  0.0046754        NaN  0.0006050        NaN  0.0064302        NaN  0.0026357        NaN -0.0119389        NaN  0.0005389        NaN -0.0009351        NaN  0.0021695        NaN  0.0005759        NaN -0.0017727        NaN  0.0007907        NaN -0.0025836        NaN -0.0002175        NaN
41 1  0.0045234  0.0625474  0.0021223 -0.0220368 -0.0085049 -0.0000863  0.1611760 -0.0050996  0.0287551  0.0521573  0.0147853 -0.0608510 -0.0008785 -0.0389045 -0.0119934  0.0078561  0.0008289  0.0006004 -0.0685794 -0.0057359 -0.0098747 -0.0389609 -0.0152134  0.0211766 -0.0010362  0.0008416 -0.0012801  0.0009117 -0.0014815  0.0003486  0.0023328  0.0011016 -0.0007675 -0.0002624  0.0033118  0.0011679  0.0009517 -0.0005704 -0.0027279  0.0012274  0.0005643  0.0008271 -0.0007743 -0.0003423  0.0005204  0.0009730 -0.0038677  0.0003536 -0.0048222  0.0233798  0.0096545 -0.0013163 -0.0006095  0.0000640 -0.0053598 -0.0001122  0.0018930 -0.0202168 -0.0057118  0.0123291 -0.0007614  0.0013040  0.0024986 -0.0000035 -0.0009403  0.0003903  0.0002878 -0.0001728 -0.0002710 -0.0000316 -0.0028232 -0.0000281  0.0016569  0.0023734 -0.0001795  0.0001888
41 2  0.0023290  0.0108304 -0.0110933  0.2266291 -0.0422215 -0.0015707 -0.0035967 -0.0019184 -0.0114857 -0.0026761 -0.0399546 -0.2814090  0.0026919  0.0039691  0.0490244  0.0400070  0.0185131 -0.0054699  0.0095517  0.0034701  0.0069672  0.0025529  0.0704672  0.1274235 -0.0075930  0.0077774  0.0008307  0.0008528  0.0023569  0.0004009  0.0024225 -0.0010975  0.0002959  0.0002792 -0.0004525 -0.0000576 -0.0011003  0.0011094 -0.0007851  0.0007005  0.0002453 -0.0003019 -0.0019935  0.0005277  0.0034601 -0.0007994 -0.0009550  0.0005084 -0.0017519  0.0004188 -0.0357017 -0.0718068  0.0033662 -0.0037829 -0.0113378  0.0038761  0.0037241  0.0037212  0.0438787  0.0901971 -0.0024656  0.0036476  0.0005714 -0.0002514 -0.0028918 -0.0007749 -0.0004490 -0.0001115  0.0023577  0.0050166 -0.0006774  0.0005790  0.0067694 -0.0049493 -0.0001609 -0.0004005
41 3 -0.0534782 -0.1242663  0.0139123  0.0886424  0.0017156 -0.0098040 -0.0533388 -0.0068360  0.0516861  0.1065255  0.0070262 -0.0060522 -0.0147173 -0.0081006  0.0059390 -0.0764150  0.0007374  0.0033386  0.0224354 -0.0000721 -0.0347712 -0.0490180  0.0052876 -0.0709011 -0.0014384 -0.0019206 -0.0003011  0.0012621  0.0011829 -0.0008781 -0.0006778  0.0006060  0.0005966 -0.0001205 -0.0026715 -0.0035858  0.0003058 -0.0005797 -0.0005188  0.0018380 -0.0009949 -0.0001912  0.0000659 -0.0002580 -0.0014459 -0.0015608  0.0003847  0.0029877  0.0156743  0.0143985 -0.0070057  0.0420156  0.0004015  0.0009173  0.0086568 -0.0030378 -0.0205220 -0.0222158  0.0060894 -0.0532880  0.0000486 -0.0007570  0.0003464 -0.0015414  0.0001391 -0.0008083 -0.0000111 -0.0000074  0.0003982 -0.0007236 -0.0002830  0.0016569 -0.0001194 -0.0023199 -0.0002979 -0.0006821
42 0  0.0223125        NaN  0.0783844        NaN  0.0016083        NaN -0.0185936        NaN -0.0077514        NaN  0.0034040        NaN -0.0108136        NaN -0.0094910        NaN -0.0011052        NaN  0.0130715        NaN -0.0047760        NaN  0.0053024        NaN  0.0007204        NaN -0.0013933        NaN -0.0010373        NaN -0.0001015        NaN -0.0011735        NaN  0.0015008        NaN  0.0004525        NaN  0.0002771        NaN  0.0008015        NaN  0.0006070        NaN  0.0013281        NaN -0.0007384        NaN  0.0026179        NaN -0.0012189        NaN -0.0000506        NaN  0.0140941        NaN -0.0033718        NaN -0.0024464        NaN -0.0003080        NaN -0.0000029        NaN -0.0027372        NaN  0.0002909        NaN  0.0002817        NaN -0.0000039        NaN  0.0002770        NaN -0.0002648        NaN
42 1 -0.0039491  0.0108580 -0.0705781 -0.0685086 -0.0883052  0.0408028  0.0286643 -0.0080196 -0.0184437  0.0025193  0.0207849  0.0252400  0.0082723  0.0003871 -0.0095278  0.0448154  0.0445822 -0.0044597 -0.0100013  0.0044136  0.0082333  0.0027812 -0.0206352  0.0250407 -0.0160968  0.0095431  0.0003573 -0.0014791  0.0014156 -0.0001140  0.0048278  0.0003819 -0.0015218  0.0022158 -0.0002239 -0.0009013  0.0033921 -0.0030653 -0.0012713 -0.0001905 -0.0023298 -0.0023096 -0.0019095 -0.0000311  0.0014857 -0.0007940 -0.0011875  0.0001254 -0.0060444  0.0002492  0.0236203 -0.0172445 -0.0050181 -0.0008083  0.0012098 -0.0017706  0.0064792  0.0000991 -0.0262030  0.0182638 -0.0014832 -0.0027484  0.0012983  0.0001972 -0.0007760 -0.0015538  0.0002156  0.0002362  0.0048396  0.0008216 -0.0013036  0.0001866  0.0041786  0.0021507 -0.0001847 -0.0000273
42 2 -0.0182141 -0.1378529  0.0070423  0.0944450 -0.0038602 -0.0176418  0.0403408  0.0095077  0.0385604  0.2166025  0.0047419 -0.0117817 -0.0142623 -0.0139419  0.0338789 -0.0388972  0.0025599  0.0045113 -0.0331848  0.0023452 -0.0235607 -0.0773831  0.0373139 -0.0170533  0.0007310  0.0004705 -0.0016046  0.0003649  0.0004410 -0.0010235  0.0003224  0.0004300 -0.0001811 -0.0027037  0.0015861 -0.0035273 -0.0009435 -0.0010585  0.0005279  0.0002085 -0.0002243  0.0005224  0.0000407  0.0003187 -0.0003783 -0.0003704 -0.0001369  0.0010994  0.0128552  0.0134274 -0.0338199  0.0149683 -0.0002830  0.0010424 -0.0067030 -0.0045512 -0.0156294 -0.0430471  0.0349636 -0.0197824  0.0000504 -0.0001414 -0.0003128 -0.0006882  0.0036140  0.0000880 -0.0005779  0.0001161  0.0000514 -0.0002415  0.0003546  0.0010252 -0.0003059 -0.0059237 -0.0000781 -0.0004231
42 3  0.0188331 -0.0042183  0.0811325  0.2752884  0.0134492  0.0007365 -0.0023523  0.0210647 -0.0158413  0.0034150 -0.1242262 -0.2912087 -0.0048870 -0.0043872  0.0294919  0.0126143 -0.0097004  0.0052188 -0.0065132 -0.0076938  0.0011396 -0.0083702  0.0887611  0.1327952  0.0001853 -0.0062657  0.0009104  0.0017539 -0.0011410 -0.0008312 -0.0028197 -0.0011317  0.0013511  0.0006669 -0.0006721 -0.0002902  0.0001866  0.0018944  0.0007185 -0.0014507  0.0006605 -0.0013402  0.0013593  0.0001778 -0.0038809  0.0007588  0.0009168 -0.0015679 -0.0012466  0.0017529 -0.0436902 -0.0612645  0.0021276  0.0020154 -0.0013926 -0.0043282 -0.0019847 -0.0025527  0.0521359  0.0662897  0.0023659  0.0003078 -0.0007096  0.0008173  0.0013289  0.0004227  0.0000804  0.0000120 -0.0020967 -0.0025977  0.0006863 -0.0010007 -0.0004033  0.0014687 -0.0001383 -0.0002892
43 0 -0.0062163        NaN -0.1837723        NaN -0.0199475        NaN  0.0289725        NaN -0.0047247        NaN  0.0247549        NaN  0.0048224        NaN  0.0132078        NaN -0.0044309        NaN  0.0001879        NaN  0.0034240        NaN  0.0085803        NaN -0.0068580        NaN  0.0006919        NaN  0.0004145        NaN -0.0012619        NaN -0.0020208        NaN  0.0004486        NaN  0.0013540        NaN -0.0004875        NaN  0.0002008        NaN  0.0009016        NaN  0.0026021        NaN -0.0003588        NaN -0.0039494        NaN -0.0041532        NaN -0.0106657        NaN  0.0031464        NaN  0.0014043        NaN -0.0022244        NaN -0.0012758        NaN  0.0002962        NaN -0.0020307        NaN  0.0003053        NaN  0.0025200        NaN -0.0005296        NaN  0.0023226        NaN -0.0000400        NaN
43 1  0.0096997  0.0330084 -0.0286924  0.0160469 -0.0085028 -0.0015419  0.1285151  0.0385500  0.0281268  0.0615923  0.0093231 -0.0656872  0.0011655 -0.0134490 -0.0237161  0.0122851  0.0038075  0.0029890 -0.0680021 -0.0015271 -0.0073454 -0.0417388 -0.0320609  0.0362633  0.0013998 -0.0002487 -0.0030444 -0.0034603 -0.0033267  0.0015396  0.0016030  0.0004194 -0.0001514  0.0005808  0.0026005 -0.0009831 -0.0006929 -0.0000759 -0.0015287  0.0006371  0.0009745 -0.0012165 -0.0007236 -0.0003039 -0.0000066 -0.0016023 -0.0036217  0.0005142 -0.0027693  0.0124497  0.0218652 -0.0144242  0.0003105 -0.0006638 -0.0022467  0.0027022  0.0016457 -0.0221641 -0.0191974  0.0245761  0.0005852 -0.0006205  0.0022709  0.0002461 -0.0004983 -0.0003814  0.0003111 -0.0001657  0.0003266 -0.0005527 -0.0022104 -0.0002859 -0.0014319 -0.0022178  0.0001139  0.0001268
43 2  0.0151734 -0.0126123  0.1249747  0.2548423 -0.0264191  0.0052368 -0.0131946 -0.0059950 -0.0052721 -0.0018776 -0.0864834 -0.2668671 -0.0030434 -0.0036081  0.0202428 -0.0123922  0.0131751  0.0002654  0.0113739  0.0049107 -0.0016157 -0.0011605  0.0672889  0.0943977  0.0056164 -0.0093133  0.0009394  0.0012785 -0.0019426 -0.0007867  0.0018139 -0.0005197  0.0013991  0.0045088 -0.0012654 -0.0006796  0.0011281 -0.0005793 -0.0004427  0.0001569 -0.0001106  0.0001125 -0.0015968  0.0001391 -0.0031011  0.0005723 -0.0002349  0.0000727  0.0019274 -0.0029564 -0.0323041 -0.0463635  0.0085699  0.0033741 -0.0107289  0.0010861 -0.0024460 -0.0013452  0.0401381  0.0588851  0.0022603 -0.0035580  0.0001916  0.0001437  0.0024401  0.0007603 -0.0003257 -0.0000162 -0.0022283 -0.0049600 -0.0002149  0.0002222 -0.0054265  0.0042663 -0.0005338 -0.0002440
43 3 -0.0732453 -0.1741588  0.0056093  0.0449051  0.0018306 -0.0080716 -0.0492914 -0.0164524  0.0631508  0.0972436  0.0266274  0.0437634 -0.0084794  0.0108339 -0.0016854 -0.0333875  0.0001239  0.0023043  0.0241435 -0.0012285 -0.0282926 -0.0211090 -0.0125512 -0.0365749  0.0020374  0.0028405  0.0000827  0.0042104  0.0006801  0.0012257 -0.0000310  0.0008104 -0.0009641 -0.0005329 -0.0023702 -0.0053076 -0.0004185 -0.0004451  0.0005783  0.0018811  0.0004949  0.0000729 -0.0002108 -0.0003670  0.0013618  0.0007856  0.0015382  0.0043063  0.0141701  0.0057232 -0.0038175  0.0068216 -0.0020899  0.0005171  0.0033562  0.0023689 -0.0149550  0.0050248 -0.0000837 -0.0190354  0.0000804  0.0012974 -0.0003814 -0.0018691  0.0001972  0.0007092  0.0000738 -0.0000658 -0.0005107 -0.0001535  0.0007015  0.0021424  0.0003188  0.0019588 -0.0000897 -0.0002331
44 0 -0.0061551        NaN  0.0481778        NaN -0.0013395        NaN  0.0264334        NaN  0.0126910        NaN -0.0031653        NaN -0.0028826        NaN -0.0222583        NaN  0.0001071        NaN  0.0006192        NaN -0.0080332        NaN -0.0105364        NaN -0.0006618        NaN -0.0002839        NaN  0.0021660        NaN  0.0012415        NaN  0.0006831        NaN -0.0000885        NaN -0.0008936        NaN  0.0013058        NaN -0.0014857        NaN  0.0000853        NaN -0.0017207        NaN  0.0007702        NaN  0.0046378        NaN  0.0150092        NaN -0.0001301        NaN  0.0181321        NaN -0.0042899        NaN -0.0164535        NaN  0.0007589        NaN -0.0010662        NaN  0.0019189        NaN  0.0002915        NaN -0.0007081        NaN  0.0011375        NaN -0.0003065        NaN  0.0000545        NaN
44 1  0.0092294 -0.0038679  0.0309816 -0.0927244 -0.0721967  0.0044018 -0.0031102 -0.0045611 -0.0105966 -0.0055584  0.0553196 -0.0323854 -0.0011855 -0.0013141 -0.0177486  0.0277499  0.0273389 -0.0046455 -0.0057873  0.0031592  0.0067098 -0.0060566 -0.0278997  0.0164270  0.0172046 -0.0056223  0.0002118 -0.0009565 -0.0017663 -0.0000371  0.0060769  0.0022016  0.0003950 -0.0006519  0.0002178 -0.0005336 -0.0016226  0.0016071  0.0005371  0.0002961  0.0019943  0.0019055 -0.0020087 -0.0003370  0.0003720 -0.0001829  0.0010223  0.0003590 -0.0011725  0.0025721  0.0241549 -0.0027856 -0.0131526 -0.0001655  0.0004190 -0.0047376  0.0023487 -0.0026944 -0.0293630  0.0099359 -0.0001089  0.0028029 -0.0003643 -0.0001230  0.0006116  0.0012101  0.0002830  0.0000217 -0.0026347 -0.0010603  0.0004424  0.0004083 -0.0034194 -0.0016834 -0.0008343  0.0001470
44 2 -0.0437200 -0.1862584  0.0137395  0.0898543 -0.0020835 -0.0080185  0.0112168 -0.0049786  0.0433212  0.1544833 -0.0064776  0.0257977 -0.0057811  0.0244801  0.0271120 -0.0304758  0.0029558  0.0028093 -0.0174047 -0.0005150 -0.0249638 -0.0378086  0.0311366 -0.0278418  0.0000055  0.0004470 -0.0010143  0.0062537 -0.0021599  0.0033822  0.0002639  0.0009280  0.0001018  0.0023917  0.0012490 -0.0028355  0.0006703 -0.0001132  0.0000251 -0.0004844  0.0011750 -0.0013318 -0.0000905 -0.0001632  0.0004022 -0.0003762 -0.0004196  0.0011457  0.0120938  0.0041300 -0.0320947  0.0134043  0.0013671  0.0001812 -0.0128185 -0.0010724 -0.0163214 -0.0131530  0.0335477 -0.0207288 -0.0001035  0.0007126 -0.0000265 -0.0004584 -0.0026387 -0.0002905 -0.0003878  0.0000909 -0.0000806 -0.0004883  0.0001320  0.0006590  0.0003878  0.0045634  0.0001271 -0.0002395
44 3  0.0069757  0.0001538  0.0456191  0.3287324  0.0172243 -0.0082199 -0.0299823  0.0121560 -0.0070848  0.0092727 -0.1150088 -0.2289864 -0.0011457 -0.0000818  0.0109272 -0.0502629 -0.0039895 -0.0022517  0.0033859 -0.0042999  0.0006912 -0.0026155  0.0719908  0.0653793 -0.0042019  0.0001891 -0.0000586  0.0011768  0.0016761  0.0010223 -0.0029095 -0.0014359  0.0019393  0.0018097  0.0002676  0.0012871  0.0006536 -0.0013231  0.0001833 -0.0029012 -0.0005758  0.0011890  0.0012900  0.0001703  0.0031274 -0.0015076 -0.0001572 -0.0035584  0.0027285  0.0027134 -0.0313577 -0.0178369  0.0028302 -0.0038976  0.0007162 -0.0045983  0.0024237 -0.0024105  0.0388790  0.0111633 -0.0021683  0.0002136 -0.0000236  0.0020883 -0.0012402 -0.0004364 -0.0000103  0.0001932  0.0018377  0.0016992 -0.0000898 -0.0025258  0.0002396 -0.0011996  0.0001061 -0.0006003
45 0  0.0089554        NaN -0.0805706        NaN -0.0302520        NaN  0.0328446        NaN -0.0060818        NaN -0.0179381        NaN  0.0017583        NaN  0.0012128        NaN  0.0003676        NaN -0.0048543        NaN  0.0044170        NaN  0.0094280        NaN  0.0090982        NaN  0.0005987        NaN  0.0003792        NaN -0.0000110        NaN  0.0005531        NaN  0.0010109        NaN -0.0013566        NaN  0.0002146        NaN -0.0002567        NaN  0.0004289        NaN -0.0010002        NaN  0.0006497        NaN -0.0024967        NaN -0.0054405        NaN -0.0069261        NaN  0.0012286        NaN  0.0046319        NaN -0.0001160        NaN  0.0002529        NaN -0.0003120        NaN  0.0016247        NaN  0.0003835        NaN -0.0015150        NaN  0.0000807        NaN -0.0020131        NaN -0.0004911        NaN
45 1 -0.0007104  0.0355273 -0.0239667  0.0374804 -0.0061369 -0.0002333  0.1259742  0.0221574  0.0192680  0.0527203  0.0276038 -0.0540280  0.0067412 -0.0159311 -0.0166767  0.0072926 -0.0000045  0.0000574 -0.0489444 -0.0128105 -0.0052456 -0.0189808 -0.0300280  0.0292234 -0.0006378  0.0004351 -0.0016784  0.0009030 -0.0014846 -0.0000592  0.0006755 -0.0004139 -0.0008150 -0.0000123  0.0019308 -0.0014304  0.0008385 -0.0003393 -0.0008879 -0.0004692  0.0006769  0.0006191 -0.0002673 -0.0001061  0.0005213  0.0008347 -0.0022944 -0.0003400 -0.0047978  0.0092073  0.0152577 -0.0182515 -0.0006690  0.0001052 -0.0115573 -0.0053752  0.0011360 -0.0100270 -0.0153162  0.0257147 -0.0007343  0.0010098  0.0017401  0.0007388 -0.0006628  0.0002070  0.0002825  0.0000211  0.0000031 -0.0000627 -0.0016091 -0.0006312  0.0012336  0.0018164 -0.0000001  0.0000895
45 2 -0.0008608  0.0074857  0.0370523  0.2888229 -0.0088879 -0.0127353 -0.0307373 -0.0034990 -0.0007494 -0.0021724 -0.0927396 -0.1317830 -0.0059820  0.0047072  0.0042219 -0.0291373  0.0079353 -0.0005545  0.0118572  0.0059723 -0.0035668 -0.0011310  0.0553139  0.0626448 -0.0054813  0.0057386  0.0011642  0.0025866  0.0022019  0.0005620  0.0009173 -0.0009782 -0.0011519 -0.0017824 -0.0011304 -0.0003029 -0.0003884 -0.0000522 -0.0014740 -0.0018102  0.0001084  0.0000506 -0.0007484  0.0003582  0.0034117 -0.0010325 -0.0016343 -0.0017625  0.0047027  0.0064474 -0.0242876 -0.0390458  0.0063407 -0.0034163 -0.0083842  0.0004458 -0.0040254  0.0001116  0.0327533  0.0394500 -0.0020646  0.0029435  0.0011237  0.0015008 -0.0020921 -0.0006537 -0.0005086  0.0000982  0.0020986  0.0033274 -0.0011354 -0.0013193  0.0041999 -0.0036324 -0.0001001 -0.0004984
45 3 -0.0594199 -0.1463761 -0.0402131 -0.0557760  0.0035064 -0.0037526 -0.0368921 -0.0054629  0.0469439  0.0431506  0.0411204  0.0548168  0.0094310  0.0508941  0.0078341 -0.0154695  0.0007483  0.0021188  0.0205558 -0.0010194 -0.0245704 -0.0021527 -0.0134572 -0.0273035 -0.0010883 -0.0020751 -0.0006350  0.0014621  0.0017698 -0.0011755 -0.0002145  0.0010095  0.0001323  0.0005657 -0.0027926 -0.0039342  0.0003084 -0.0002892  0.0005653  0.0015872 -0.0011747  0.0001452 -0.0001262 -0.0002676 -0.0008566 -0.0012778  0.0011112  0.0033371  0.0059641 -0.0055074 -0.0011246  0.0094201  0.0007023  0.0012787  0.0020410  0.0003851 -0.0058317  0.0113294 -0.0027583 -0.0144505 -0.0001125 -0.0006623 -0.0003332 -0.0009572  0.0000272 -0.0007145  0.0000936 -0.0001842  0.0005686 -0.0003553  0.0006862  0.0014288 -0.0001902 -0.0017615 -0.0001052 -0.0003874
46 0 -0.0188271        NaN        NaN        NaN -0.0030736        NaN        NaN        NaN  0.0241127        NaN        NaN        NaN -0.0021088        NaN        NaN        NaN -0.0017374        NaN        NaN        NaN -0.0085599        NaN        NaN        NaN  0.0006805        NaN        NaN        NaN -0.0028532        NaN        NaN        NaN -0.0012318        NaN        NaN        NaN  0.0007567        NaN        NaN        NaN  0.0012955        NaN        NaN        NaN  0.0014445        NaN        NaN        NaN  0.0017639        NaN        NaN        NaN  0.0004343        NaN        NaN        NaN -0.0037585        NaN        NaN        NaN -0.0007135        NaN        NaN        NaN -0.0022674        NaN        NaN        NaN  0.0007011        NaN        NaN        NaN  0.0002315        NaN        NaN        NaN
46 1  0.0039596  0.0048166        NaN        NaN -0.0359631  0.0243236        NaN        NaN -0.0138945 -0.0042189        NaN        NaN -0.0006489 -0.0023493        NaN        NaN  0.0194107 -0.0036188        NaN        NaN  0.0003011 -0.0002210        NaN        NaN -0.0130736  0.0083278        NaN        NaN  0.0012226 -0.0002812        NaN        NaN -0.0020364  0.0025232        NaN        NaN  0.0024400 -0.0023527        NaN        NaN -0.0014122 -0.0012315        NaN        NaN  0.0015704 -0.0010073        NaN        NaN  0.0016759  0.0068051        NaN        NaN  0.0021155 -0.0004152        NaN        NaN -0.0002085 -0.0041056        NaN        NaN -0.0012370 -0.0019236        NaN        NaN -0.0005532 -0.0009632        NaN        NaN  0.0036670  0.0004959        NaN        NaN  0.0027640  0.0012566        NaN        NaN
46 2 -0.0268862 -0.1643300        NaN        NaN  0.0008063 -0.0006194        NaN        NaN  0.0314460  0.0539371        NaN        NaN -0.0003742  0.0561090        NaN        NaN  0.0005172  0.0001846        NaN        NaN -0.0170350 -0.0013848        NaN        NaN  0.0003733 -0.0005729        NaN        NaN  0.0024654 -0.0021769        NaN        NaN  0.0002625 -0.0016809        NaN        NaN -0.0007795 -0.0003322        NaN        NaN -0.0009611  0.0006584        NaN        NaN -0.0004737 -0.0002295        NaN        NaN  0.0119013 -0.0107640        NaN        NaN -0.0002355 -0.0002738        NaN        NaN -0.0120194  0.0025654        NaN        NaN  0.0001770 -0.0002756        NaN        NaN  0.0027561 -0.0000184        NaN        NaN -0.0000545  0.0000479        NaN        NaN -0.0004156 -0.0039756        NaN        NaN
46 3  0.0127356 -0.0074318        NaN        NaN  0.0152601 -0.0004231        NaN        NaN -0.0034383  0.0078559        NaN        NaN -0.0014526 -0.0016694        NaN        NaN -0.0111779  0.0065073        NaN        NaN -0.0002243 -0.0047097        NaN        NaN  0.0007454 -0.0044552        NaN        NaN -0.0009525 -0.0006296        NaN        NaN -0.0004154 -0.0019811        NaN        NaN  0.0000489  0.0021249        NaN        NaN  0.0003999 -0.0010369        NaN        NaN -0.0026978  0.0017041        NaN        NaN -0.0009071 -0.0015029        NaN        NaN  0.0025124  0.0016570        NaN        NaN -0.0017660 -0.0021772        NaN        NaN  0.0018302 -0.0000832        NaN        NaN  0.0008503  0.0003580        NaN        NaN -0.0013530 -0.0009927        NaN        NaN -0.0002797  0.0009842        NaN        NaN
47 0 -0.0015110        NaN        NaN        NaN -0.0501243        NaN        NaN        NaN -0.0129804        NaN        NaN        NaN  0.0011329        NaN        NaN        NaN  0.0088303        NaN        NaN        NaN  0.0048304        NaN        NaN        NaN -0.0072908        NaN        NaN        NaN -0.0005187        NaN        NaN        NaN -0.0004461        NaN        NaN        NaN  0.0011922        NaN        NaN        NaN  0.0002221        NaN        NaN        NaN  0.0015831        NaN        NaN        NaN -0.0026877        NaN        NaN        NaN -0.0130775        NaN        NaN        NaN  0.0015802        NaN        NaN        NaN -0.0008837        NaN        NaN        NaN -0.0014119        NaN        NaN        NaN  0.0018538        NaN        NaN        NaN  0.0017186        NaN        NaN        NaN
47 1  0.0056492  0.0187028        NaN        NaN -0.0004324 -0.0023373        NaN        NaN  0.0095835  0.0427329        NaN        NaN  0.0048249  0.0002667        NaN        NaN  0.0019534  0.0020963        NaN        NaN  0.0026820 -0.0139252        NaN        NaN  0.0011475 -0.0005070        NaN        NaN -0.0027483  0.0012033        NaN        NaN  0.0001469  0.0002542        NaN        NaN -0.0006780  0.0001559        NaN        NaN  0.0008894 -0.0009058        NaN        NaN -0.0001821 -0.0009664        NaN        NaN -0.0034781 -0.0054626        NaN        NaN -0.0003572 -0.0001731        NaN        NaN  0.0033783 -0.0097818        NaN        NaN  0.0006968 -0.0005721        NaN        NaN -0.0000676 -0.0003331        NaN        NaN -0.0000419 -0.0001881        NaN        NaN -0.0012190 -0.0016001        NaN        NaN
47 2  0.0093000 -0.0098124        NaN        NaN  0.0185268 -0.0109499        NaN        NaN  0.0041946 -0.0003910        NaN        NaN -0.0089058 -0.0049734        NaN        NaN -0.0030110  0.0051387        NaN        NaN -0.0106119 -0.0023351        NaN        NaN  0.0044640 -0.0091534        NaN        NaN -0.0015418 -0.0005110        NaN        NaN  0.0002946  0.0022440        NaN        NaN -0.0001711  0.0001347        NaN        NaN -0.0000478 -0.0001371        NaN        NaN -0.0028695  0.0004862        NaN        NaN  0.0047745 -0.0035879        NaN        NaN  0.0122368  0.0035402        NaN        NaN -0.0068203 -0.0028045        NaN        NaN  0.0022133 -0.0023358        NaN        NaN  0.0016098  0.0004947        NaN        NaN -0.0022518 -0.0034254        NaN        NaN -0.0031645  0.0029783        NaN        NaN
47 3 -0.0360222 -0.0899977        NaN        NaN  0.0042939  0.0021481        NaN        NaN  0.0175216 -0.0273681        NaN        NaN  0.0085440  0.0377369        NaN        NaN -0.0011585  0.0000944        NaN        NaN -0.0012176  0.0327266        NaN        NaN  0.0011659  0.0019438        NaN        NaN  0.0003987  0.0006540        NaN        NaN -0.0000328  0.0002888        NaN        NaN -0.0001985 -0.0001161        NaN        NaN  0.0001524  0.0001670        NaN        NaN  0.0008983  0.0006666        NaN        NaN -0.0012928 -0.0126074        NaN        NaN -0.0022330 -0.0003614        NaN        NaN  0.0033481  0.0348357        NaN        NaN  0.0000525  0.0006694        NaN        NaN  0.0000422  0.0005010        NaN        NaN -0.0004502  0.0000318        NaN        NaN  0.0002863  0.0019517        NaN        NaN
48 0 -0.0276203        NaN        NaN        NaN -0.0024196        NaN        NaN        NaN  0.0278011        NaN        NaN        NaN  0.0039825        NaN        NaN        NaN  0.0000879        NaN        NaN        NaN -0.0066809        NaN        NaN        NaN -0.0004974        NaN        NaN        NaN  0.0002541        NaN        NaN        NaN  0.0007763        NaN        NaN        NaN -0.0005327        NaN        NaN        NaN -0.0006352        NaN        NaN        NaN -0.0010397        NaN        NaN        NaN  0.0011561        NaN        NaN        NaN  0.0000945        NaN        NaN        NaN -0.0010349        NaN        NaN        NaN  0.0004352        NaN        NaN        NaN  0.0012618        NaN        NaN        NaN -0.0004190        NaN        NaN        NaN -0.0001784        NaN        NaN        NaN
48 1  0.0083489 -0.0080377        NaN        NaN -0.0126549 -0.0017113        NaN        NaN -0.0070471 -0.0045075        NaN        NaN -0.0080497 -0.0042604        NaN        NaN  0.0046108  0.0001139        NaN        NaN -0.0013079 -0.0063716        NaN        NaN  0.0127490 -0.0046407        NaN        NaN -0.0014533  0.0000236        NaN        NaN  0.0008538 -0.0002767        NaN        NaN -0.0021106  0.0013804        NaN        NaN  0.0012805  0.0009918        NaN        NaN -0.0004594  0.0003293        NaN        NaN  0.0028495  0.0026113        NaN        NaN -0.0048719  0.0004248        NaN        NaN -0.0031580 -0.0030755        NaN        NaN  0.0004950  0.0012717        NaN        NaN  0.0004579  0.0007200        NaN        NaN -0.0025426 -0.0005009        NaN        NaN -0.0020956 -0.0008973        NaN        NaN
48 2 -0.0290550 -0.1014377        NaN        NaN  0.0022946  0.0069731        NaN        NaN  0.0132978 -0.0387862        NaN        NaN  0.0024284  0.0440098        NaN        NaN  0.0000216 -0.0013986        NaN        NaN -0.0084374  0.0319652        NaN        NaN -0.0003814 -0.0001618        NaN        NaN -0.0006531  0.0012459        NaN        NaN  0.0007572  0.0023872        NaN        NaN  0.0004792  0.0003293        NaN        NaN  0.0004225 -0.0006370        NaN        NaN  0.0000138 -0.0000275        NaN        NaN  0.0063676 -0.0109117        NaN        NaN  0.0002530 -0.0014577        NaN        NaN -0.0082451  0.0218324        NaN        NaN -0.0000546  0.0001672        NaN        NaN -0.0017072 -0.0001820        NaN        NaN -0.0001391 -0.0000806        NaN        NaN  0.0003385  0.0033963        NaN        NaN
48 3 -0.0040927  0.0041204        NaN        NaN  0.0095968 -0.0018487        NaN        NaN  0.0063180  0.0077533        NaN        NaN  0.0003490  0.0019316        NaN        NaN -0.0036263 -0.0014465        NaN        NaN -0.0011775 -0.0003937        NaN        NaN -0.0021586  0.0024634        NaN        NaN  0.0015924  0.0009537        NaN        NaN -0.0001462 -0.0006459        NaN        NaN  0.0008038 -0.0015849        NaN        NaN -0.0004356  0.0008460        NaN        NaN  0.0031259 -0.0010985        NaN        NaN  0.0012606  0.0039479        NaN        NaN  0.0002281 -0.0037477        NaN        NaN  0.0014493 -0.0020254        NaN        NaN -0.0019384  0.0003308        NaN        NaN -0.0008132 -0.0004046        NaN        NaN  0.0017400  0.0010445        NaN        NaN  0.0001096 -0.0008099        NaN        NaN
49 0  0.0138877        NaN        NaN        NaN -0.0472527        NaN        NaN        NaN -0.0096107        NaN        NaN        NaN -0.0003364        NaN        NaN        NaN  0.0122638        NaN        NaN        NaN  0.0040526        NaN        NaN        NaN  0.0058247        NaN        NaN        NaN  0.0004054        NaN        NaN        NaN  0.0018377        NaN        NaN        NaN -0.0010827        NaN        NaN        NaN -0.0001606        NaN        NaN        NaN -0.0013223        NaN        NaN        NaN -0.0028019        NaN        NaN        NaN -0.0058597        NaN        NaN        NaN  0.0037953        NaN        NaN        NaN  0.0003130        NaN        NaN        NaN  0.0010914        NaN        NaN        NaN -0.0013138        NaN        NaN        NaN -0.0013871        NaN        NaN        NaN
49 1 -0.0119008  0.0206957        NaN        NaN -0.0003874 -0.0029316        NaN        NaN  0.0014243  0.0408824        NaN        NaN  0.0083300 -0.0103467        NaN        NaN -0.0015143 -0.0009583        NaN        NaN  0.0035547  0.0018843        NaN        NaN -0.0005283  0.0004820        NaN        NaN -0.0008237 -0.0004632        NaN        NaN -0.0003735 -0.0004232        NaN        NaN  0.0006004 -0.0001502        NaN        NaN  0.0003904  0.0005241        NaN        NaN  0.0002989  0.0008451        NaN        NaN -0.0041954 -0.0057713        NaN        NaN -0.0005724  0.0007378        NaN        NaN  0.0022897  0.0014744        NaN        NaN -0.0005972  0.0005988        NaN        NaN -0.0001662  0.0001664        NaN        NaN  0.0001100  0.0000805        NaN        NaN  0.0008640  0.0012838        NaN        NaN
49 2 -0.0014794  0.0002373        NaN        NaN  0.0271321 -0.0154194        NaN        NaN  0.0067755 -0.0020571        NaN        NaN -0.0076437  0.0015574        NaN        NaN -0.0085928  0.0020695        NaN        NaN -0.0076232 -0.0040317        NaN        NaN -0.0032630  0.0043356        NaN        NaN  0.0014476  0.0006089        NaN        NaN -0.0011843 -0.0025468        NaN        NaN -0.0006643 -0.0007987        NaN        NaN  0.0000630  0.0002001        NaN        NaN  0.0019813 -0.0013390        NaN        NaN  0.0061402  0.0090864        NaN        NaN  0.0039174 -0.0019148        NaN        NaN -0.0063835 -0.0021170        NaN        NaN -0.0010571  0.0023853        NaN        NaN -0.0012929 -0.0004921        NaN        NaN  0.0010287  0.0017773        NaN        NaN  0.0022678 -0.0023778        NaN        NaN
49 3  0.0023347 -0.0023910        NaN        NaN  0.0043043  0.0072322        NaN        NaN -0.0133143 -0.0884959        NaN        NaN  0.0174072  0.0456427        NaN        NaN -0.0005368 -0.0010321        NaN        NaN  0.0068758  0.0397056        NaN        NaN -0.0011188 -0.0022616        NaN        NaN  0.0012404 -0.0014124        NaN        NaN  0.0002011  0.0008673        NaN        NaN  0.0002546  0.0003013        NaN        NaN -0.0008954  0.0002973        NaN        NaN -0.0006777 -0.0006237        NaN        NaN -0.0081358 -0.0148436        NaN        NaN  0.0010436  0.0004230        NaN        NaN  0.0114578  0.0250108        NaN        NaN -0.0001002 -0.0007369        NaN        NaN -0.0000821 -0.0005104        NaN        NaN  0.0004758  0.0001473        NaN        NaN -0.0002649 -0.0012253        NaN        NaN
50 0 -0.0164609        NaN        NaN        NaN -0.0039465        NaN        NaN        NaN  0.0215810        NaN        NaN        NaN  0.0032244        NaN        NaN        NaN -0.0005005        NaN        NaN        NaN -0.0020829        NaN        NaN        NaN  0.0005003        NaN        NaN        NaN -0.0033743        NaN        NaN        NaN -0.0010451        NaN        NaN        NaN  0.0009244        NaN        NaN        NaN  0.0014147        NaN        NaN        NaN  0.0014764        NaN        NaN        NaN -0.0031726        NaN        NaN        NaN  0.0001546        NaN        NaN        NaN  0.0010662        NaN        NaN        NaN -0.0009037        NaN        NaN        NaN -0.0015792        NaN        NaN        NaN  0.0009255        NaN        NaN        NaN  0.0002042        NaN        NaN        NaN
50 1  0.0072909 -0.0020262        NaN        NaN  0.0084790  0.0035858        NaN        NaN -0.0007100 -0.0028708        NaN        NaN -0.0041366 -0.0024105        NaN        NaN -0.0039366 -0.0007054        NaN        NaN -0.0061858 -0.0013255        NaN        NaN -0.0108629  0.0058981        NaN        NaN  0.0008997 -0.0003193        NaN        NaN -0.0003126  0.0029335        NaN        NaN  0.0013159 -0.0013364        NaN        NaN -0.0007810 -0.0005661        NaN        NaN  0.0003360 -0.0006393        NaN        NaN  0.0058932  0.0065308        NaN        NaN  0.0055905  0.0005040        NaN        NaN -0.0046556 -0.0041150        NaN        NaN -0.0004010 -0.0015218        NaN        NaN -0.0002937 -0.0004947        NaN        NaN  0.0019079  0.0004124        NaN        NaN  0.0015682  0.0006580        NaN        NaN
50 2 -0.0076325 -0.0480191        NaN        NaN  0.0032579  0.0087928        NaN        NaN -0.0021925 -0.0974905        NaN        NaN  0.0034284  0.0368989        NaN        NaN -0.0018552 -0.0030450        NaN        NaN  0.0019065  0.0394993        NaN        NaN  0.0001977 -0.0009213        NaN        NaN  0.0029184 -0.0029865        NaN        NaN  0.0000867 -0.0015012        NaN        NaN -0.0005116  0.0002696        NaN        NaN -0.0011432  0.0008927        NaN        NaN -0.0003433  0.0002401        NaN        NaN  0.0040769 -0.0131282        NaN        NaN -0.0002236 -0.0008252        NaN        NaN -0.0025450  0.0165639        NaN        NaN  0.0001742 -0.0004134        NaN        NaN  0.0019265  0.0001125        NaN        NaN -0.0000452  0.0003676        NaN        NaN -0.0003496 -0.0024741        NaN        NaN
50 3 -0.0062878 -0.0048702        NaN        NaN  0.0150779  0.0004244        NaN        NaN  0.0103030  0.0036201        NaN        NaN  0.0026867  0.0003766        NaN        NaN -0.0082208  0.0041823        NaN        NaN -0.0012658  0.0013720        NaN        NaN  0.0019127 -0.0016751        NaN        NaN -0.0008304 -0.0005585        NaN        NaN -0.0016468 -0.0031358        NaN        NaN -0.0005546  0.0015513        NaN        NaN  0.0002232 -0.0007123        NaN        NaN -0.0020459  0.0016892        NaN        NaN -0.0012573 -0.0045300        NaN        NaN  0.0013682  0.0020496        NaN        NaN -0.0012169  0.0003484        NaN        NaN  0.0014366 -0.0002366        NaN        NaN  0.0005094  0.0002761        NaN        NaN -0.0010082 -0.0001168        NaN        NaN -0.0001093  0.0006273        NaN        NaN
51 0 -0.0034333        NaN        NaN        NaN -0.0465113        NaN        NaN        NaN -0.0088910        NaN        NaN        NaN  0.0011193        NaN        NaN        NaN  0.0180226        NaN        NaN        NaN  0.0037642        NaN        NaN        NaN -0.0059699        NaN        NaN        NaN -0.0009914        NaN        NaN        NaN  0.0000232        NaN        NaN        NaN  0.0010019        NaN        NaN        NaN  0.0002052        NaN        NaN        NaN  0.0006569        NaN        NaN        NaN -0.0019673        NaN        NaN        NaN -0.0083745        NaN        NaN        NaN  0.0018973        NaN        NaN        NaN -0.0003836        NaN        NaN        NaN -0.0008599        NaN        NaN        NaN  0.0011143        NaN        NaN        NaN  0.0011221        NaN        NaN        NaN
51 1 -0.0045773 -0.0135363        NaN        NaN  0.0025829 -0.0042659        NaN        NaN -0.0045439  0.0429409        NaN        NaN  0.0032031  0.0074621        NaN        NaN  0.0011219  0.0012296        NaN        NaN  0.0082880 -0.0034787        NaN        NaN  0.0006385 -0.0003987        NaN        NaN -0.0014589  0.0008436        NaN        NaN  0.0004348 -0.0001304        NaN        NaN -0.0005527  0.0001358        NaN        NaN  0.0004464 -0.0005759        NaN        NaN -0.0003415 -0.0005129        NaN        NaN -0.0030759 -0.0140523        NaN        NaN  0.0001380  0.0003802        NaN        NaN  0.0044235 -0.0021053        NaN        NaN  0.0006301 -0.0004288        NaN        NaN  0.0002618 -0.0001990        NaN        NaN -0.0002280 -0.0000171        NaN        NaN -0.0007885 -0.0011387        NaN        NaN
51 2 -0.0003607 -0.0025963        NaN        NaN  0.0403665 -0.0165557        NaN        NaN  0.0056321  0.0017254        NaN        NaN -0.0044288 -0.0046751        NaN        NaN -0.0150145  0.0058559        NaN        NaN -0.0075779 -0.0012925        NaN        NaN  0.0021814 -0.0077330        NaN        NaN -0.0010370 -0.0003660        NaN        NaN  0.0009297  0.0012757        NaN        NaN -0.0007172  0.0007013        NaN        NaN -0.0000770 -0.0002184        NaN        NaN -0.0027644  0.0004409        NaN        NaN  0.0016055 -0.0048332        NaN        NaN  0.0103835  0.0028579        NaN        NaN -0.0033359 -0.0013877        NaN        NaN  0.0019090 -0.0013456        NaN        NaN  0.0009541  0.0003167        NaN        NaN -0.0020508 -0.0020847        NaN        NaN -0.0015657  0.0018387        NaN        NaN
51 3  0.0261692  0.0746858        NaN        NaN  0.0041440  0.0068263        NaN        NaN -0.0364854 -0.1108277        NaN        NaN  0.0048420  0.0014605        NaN        NaN -0.0020589 -0.0012624        NaN        NaN  0.0217144  0.0429798        NaN        NaN  0.0003546  0.0011940        NaN        NaN -0.0004753  0.0002518        NaN        NaN  0.0004749  0.0002364        NaN        NaN -0.0000870  0.0003197        NaN        NaN  0.0002482  0.0001098        NaN        NaN  0.0003742  0.0007949        NaN        NaN -0.0103523 -0.0116245        NaN        NaN -0.0020014 -0.0010948        NaN        NaN  0.0124712  0.0294585        NaN        NaN  0.0001000  0.0001206        NaN        NaN -0.0000143  0.0003970        NaN        NaN -0.0004041  0.0003109        NaN        NaN  0.0001977  0.0015040        NaN        NaN
52 0 -0.0075197        NaN        NaN        NaN -0.0015628        NaN        NaN        NaN  0.0110842        NaN        NaN        NaN  0.0040863        NaN        NaN        NaN  0.0011023        NaN        NaN        NaN  0.0002471        NaN        NaN        NaN -0.0003333        NaN        NaN        NaN -0.0001888        NaN        NaN        NaN  0.0006105        NaN        NaN        NaN -0.0002500        NaN        NaN        NaN -0.0002307        NaN        NaN        NaN -0.0005083        NaN        NaN        NaN -0.0031611        NaN        NaN        NaN -0.0002031        NaN        NaN        NaN  0.0034482        NaN        NaN        NaN  0.0002348        NaN        NaN        NaN  0.0007996        NaN        NaN        NaN -0.0002235        NaN        NaN        NaN -0.0000859        NaN        NaN        NaN
52 1 -0.0011350 -0.0044683        NaN        NaN  0.0171479 -0.0042723        NaN        NaN  0.0016686  0.0009304        NaN        NaN -0.0061727 -0.0019100        NaN        NaN -0.0063661  0.0017912        NaN        NaN -0.0039825 -0.0034842        NaN        NaN  0.0070638 -0.0040608        NaN        NaN -0.0009634  0.0001005        NaN        NaN  0.0016944 -0.0000865        NaN        NaN -0.0016237  0.0012670        NaN        NaN  0.0006436  0.0003635        NaN        NaN -0.0010818  0.0007332        NaN        NaN  0.0022396 -0.0011485        NaN        NaN  0.0008696 -0.0002109        NaN        NaN -0.0035287 -0.0001438        NaN        NaN  0.0007918  0.0002978        NaN        NaN  0.0002871  0.0003802        NaN        NaN -0.0020911 -0.0000576        NaN        NaN -0.0011002 -0.0004227        NaN        NaN
52 2 -0.0066011  0.0054409        NaN        NaN  0.0026458  0.0069071        NaN        NaN -0.0100365 -0.1008361        NaN        NaN  0.0014921  0.0053556        NaN        NaN -0.0012059 -0.0015531        NaN        NaN  0.0038981  0.0345999        NaN        NaN -0.0003432  0.0000986        NaN        NaN -0.0003741  0.0001930        NaN        NaN  0.0005688  0.0013311        NaN        NaN  0.0003498  0.0003757        NaN        NaN  0.0001725 -0.0001601        NaN        NaN  0.0000137  0.0002555        NaN        NaN  0.0003787 -0.0034071        NaN        NaN -0.0003988 -0.0013431        NaN        NaN -0.0009077  0.0181640        NaN        NaN -0.0000838 -0.0000989        NaN        NaN -0.0009773 -0.0000162        NaN        NaN -0.0000529  0.0001472        NaN        NaN  0.0002628  0.0021763        NaN        NaN
52 3 -0.0068686  0.0061197        NaN        NaN  0.0048985  0.0043105        NaN        NaN  0.0069397  0.0017003        NaN        NaN  0.0013421  0.0030370        NaN        NaN -0.0011609 -0.0025402        NaN        NaN -0.0004112  0.0027846        NaN        NaN -0.0005976  0.0034123        NaN        NaN  0.0010152  0.0006302        NaN        NaN -0.0004856 -0.0005987        NaN        NaN  0.0002074 -0.0014806        NaN        NaN -0.0002617  0.0005286        NaN        NaN  0.0018028 -0.0009227        NaN        NaN -0.0004233  0.0020470        NaN        NaN -0.0030441 -0.0023480        NaN        NaN  0.0014848  0.0009090        NaN        NaN -0.0010870  0.0002438        NaN        NaN -0.0004027 -0.0002890        NaN        NaN  0.0008923  0.0005038        NaN        NaN  0.0000536 -0.0004948        NaN        NaN
53 0  0.0089872        NaN        NaN        NaN -0.0288568        NaN        NaN        NaN -0.0058056        NaN        NaN        NaN  0.0008999        NaN        NaN        NaN  0.0126071        NaN        NaN        NaN  0.0027891        NaN        NaN        NaN  0.0035123        NaN        NaN        NaN  0.0004382        NaN        NaN        NaN  0.0012445        NaN        NaN        NaN -0.0004690        NaN        NaN        NaN -0.0001177        NaN        NaN        NaN -0.0008323        NaN        NaN        NaN -0.0029491        NaN        NaN        NaN -0.0007533        NaN        NaN        NaN  0.0034858        NaN        NaN        NaN  0.0001675        NaN        NaN        NaN  0.0006233        NaN        NaN        NaN -0.0007325        NaN        NaN        NaN -0.0008275        NaN        NaN        NaN
53 1 -0.0115635 -0.0242133        NaN        NaN  0.0000254 -0.0042507        NaN        NaN -0.0058565  0.0370234        NaN        NaN  0.0054131  0.0006116        NaN        NaN -0.0010209 -0.0010489        NaN        NaN  0.0048238  0.0041019        NaN        NaN -0.0005258  0.0005247        NaN        NaN  0.0003628 -0.0005516        NaN        NaN  0.0000226 -0.0004810        NaN        NaN  0.0003015 -0.0001353        NaN        NaN -0.0000637  0.0003951        NaN        NaN  0.0000182  0.0005603        NaN        NaN -0.0017606 -0.0080655        NaN        NaN  0.0000636  0.0009303        NaN        NaN  0.0013984  0.0061296        NaN        NaN -0.0003648  0.0003305        NaN        NaN  0.0001459  0.0001217        NaN        NaN  0.0000643  0.0000733        NaN        NaN  0.0005741  0.0008182        NaN        NaN
53 2  0.0027560 -0.0064228        NaN        NaN  0.0303151 -0.0066733        NaN        NaN  0.0053874  0.0020015        NaN        NaN -0.0011942  0.0008306        NaN        NaN -0.0124309  0.0010351        NaN        NaN -0.0016808 -0.0032592        NaN        NaN -0.0022090  0.0031119        NaN        NaN  0.0007842  0.0005296        NaN        NaN -0.0000112 -0.0020370        NaN        NaN -0.0005150 -0.0005954        NaN        NaN -0.0000053  0.0001974        NaN        NaN  0.0006939 -0.0008104        NaN        NaN  0.0020158  0.0060748        NaN        NaN -0.0008098 -0.0014369        NaN        NaN -0.0019888 -0.0007880        NaN        NaN -0.0003847  0.0015142        NaN        NaN -0.0006617 -0.0003011        NaN        NaN  0.0003135  0.0010229        NaN        NaN  0.0009839 -0.0013300        NaN        NaN
53 3  0.0389444  0.1043343        NaN        NaN  0.0010524  0.0058350        NaN        NaN -0.0390204 -0.0935038        NaN        NaN  0.0079975 -0.0014915        NaN        NaN -0.0005342 -0.0013141        NaN        NaN  0.0168057  0.0212792        NaN        NaN -0.0008174 -0.0017067        NaN        NaN  0.0002815 -0.0010316        NaN        NaN -0.0000684  0.0003470        NaN        NaN  0.0001850  0.0004835        NaN        NaN -0.0003505  0.0001990        NaN        NaN -0.0004177 -0.0000908        NaN        NaN -0.0102918 -0.0045029        NaN        NaN  0.0013001  0.0001434        NaN        NaN  0.0127508  0.0054372        NaN        NaN -0.0000940 -0.0005887        NaN        NaN -0.0001161 -0.0002554        NaN        NaN  0.0003688  0.0003196        NaN        NaN -0.0002398 -0.0009523        NaN        NaN
54 0  0.0059405        NaN        NaN        NaN -0.0015631        NaN        NaN        NaN  0.0028140        NaN        NaN        NaN  0.0023593        NaN        NaN        NaN  0.0002530        NaN        NaN        NaN  0.0038104        NaN        NaN        NaN  0.0003865        NaN        NaN        NaN -0.0022831        NaN        NaN        NaN -0.0008454        NaN        NaN        NaN  0.0006488        NaN        NaN        NaN  0.0009957        NaN        NaN        NaN  0.0010629        NaN        NaN        NaN -0.0052680        NaN        NaN        NaN -0.0003992        NaN        NaN        NaN  0.0036696        NaN        NaN        NaN -0.0006488        NaN        NaN        NaN -0.0009273        NaN        NaN        NaN  0.0006960        NaN        NaN        NaN  0.0001132        NaN        NaN        NaN
54 1  0.0021532 -0.0059207        NaN        NaN  0.0215940 -0.0098369        NaN        NaN  0.0097310  0.0009135        NaN        NaN -0.0010370  0.0013359        NaN        NaN -0.0077274  0.0014033        NaN        NaN -0.0066567  0.0005325        NaN        NaN -0.0075459  0.0028429        NaN        NaN  0.0006604 -0.0001771        NaN        NaN  0.0004185  0.0023818        NaN        NaN  0.0008452 -0.0003771        NaN        NaN -0.0004159 -0.0002331        NaN        NaN -0.0002307 -0.0001341        NaN        NaN  0.0048728  0.0019122        NaN        NaN  0.0067246  0.0009176        NaN        NaN -0.0041039 -0.0007317        NaN        NaN  0.0000405 -0.0010963        NaN        NaN -0.0001233 -0.0002026        NaN        NaN  0.0008300  0.0004032        NaN        NaN  0.0007286  0.0003112        NaN        NaN
54 2 -0.0017912  0.0059981        NaN        NaN  0.0011557  0.0031089        NaN        NaN -0.0123377 -0.0817269        NaN        NaN  0.0015659  0.0007621        NaN        NaN -0.0015753 -0.0013616        NaN        NaN  0.0072944  0.0176173        NaN        NaN  0.0003042 -0.0004209        NaN        NaN  0.0021181 -0.0020856        NaN        NaN -0.0003616 -0.0014142        NaN        NaN -0.0002536  0.0001892        NaN        NaN -0.0008156  0.0006988        NaN        NaN -0.0000232  0.0003103        NaN        NaN -0.0007662  0.0001383        NaN        NaN  0.0001596  0.0000050        NaN        NaN  0.0024376  0.0031630        NaN        NaN  0.0000366 -0.0002712        NaN        NaN  0.0011563  0.0001611        NaN        NaN  0.0000645  0.0003112        NaN        NaN -0.0001572 -0.0014828        NaN        NaN
54 3 -0.0144376 -0.0009915        NaN        NaN  0.0088688  0.0012188        NaN        NaN  0.0073247  0.0004495        NaN        NaN  0.0047873  0.0026492        NaN        NaN -0.0032522  0.0012712        NaN        NaN  0.0014019  0.0051931        NaN        NaN  0.0016449 -0.0003910        NaN        NaN -0.0007610 -0.0005747        NaN        NaN -0.0008787 -0.0016665        NaN        NaN -0.0005843  0.0010124        NaN        NaN  0.0001364 -0.0004051        NaN        NaN -0.0015713  0.0010947        NaN        NaN -0.0021465 -0.0069771        NaN        NaN -0.0004545  0.0022326        NaN        NaN  0.0007755  0.0038867        NaN        NaN  0.0009095 -0.0002841        NaN        NaN  0.0002960  0.0002196        NaN        NaN -0.0006827  0.0001754        NaN        NaN  0.0000211  0.0003435        NaN        NaN
55 0 -0.0056345        NaN        NaN        NaN -0.0128430        NaN        NaN        NaN -0.0006443        NaN        NaN        NaN  0.0027875        NaN        NaN        NaN  0.0108063        NaN        NaN        NaN  0.0023352        NaN        NaN        NaN -0.0030234        NaN        NaN        NaN -0.0008853        NaN        NaN        NaN -0.0006107        NaN        NaN        NaN  0.0005922        NaN        NaN        NaN  0.0001752        NaN        NaN        NaN  0.0004201        NaN        NaN        NaN -0.0017007        NaN        NaN        NaN -0.0029231        NaN        NaN        NaN  0.0022316        NaN        NaN        NaN -0.0001481        NaN        NaN        NaN -0.0004587        NaN        NaN        NaN  0.0006245        NaN        NaN        NaN  0.0006125        NaN        NaN        NaN
55 1 -0.0010306 -0.0502959        NaN        NaN  0.0011997 -0.0016402        NaN        NaN -0.0094078  0.0215113        NaN        NaN -0.0008023  0.0183087        NaN        NaN  0.0016486  0.0002668        NaN        NaN  0.0061349  0.0001934        NaN        NaN  0.0002507 -0.0004311        NaN        NaN  0.0000964  0.0004447        NaN        NaN  0.0003062  0.0000654        NaN        NaN -0.0003816  0.0000634        NaN        NaN -0.0000375 -0.0002848        NaN        NaN -0.0003197 -0.0003775        NaN        NaN -0.0010213 -0.0099839        NaN        NaN  0.0005111  0.0001550        NaN        NaN  0.0025686  0.0015096        NaN        NaN  0.0004708 -0.0002440        NaN        NaN  0.0002888 -0.0001207        NaN        NaN -0.0002518 -0.0000182        NaN        NaN -0.0003866 -0.0007201        NaN        NaN
55 2 -0.0067220  0.0084933        NaN        NaN  0.0242193 -0.0100851        NaN        NaN  0.0022113  0.0046414        NaN        NaN  0.0036198 -0.0016520        NaN        NaN -0.0107220  0.0032097        NaN        NaN  0.0009237  0.0013746        NaN        NaN  0.0000838 -0.0054893        NaN        NaN -0.0004957 -0.0002536        NaN        NaN  0.0013948  0.0005503        NaN        NaN -0.0000734  0.0010795        NaN        NaN -0.0001361 -0.0001993        NaN        NaN -0.0016207  0.0008015        NaN        NaN -0.0031300 -0.0063897        NaN        NaN  0.0065669  0.0006777        NaN        NaN  0.0027738  0.0011198        NaN        NaN  0.0009315 -0.0008051        NaN        NaN  0.0004743  0.0001963        NaN        NaN -0.0010108 -0.0008405        NaN        NaN -0.0006263  0.0009355        NaN        NaN
55 3  0.0366707  0.1176138        NaN        NaN  0.0004072  0.0007573        NaN        NaN -0.0325301 -0.0413533        NaN        NaN -0.0042789 -0.0358877        NaN        NaN -0.0010088 -0.0000376        NaN        NaN  0.0170915  0.0017222        NaN        NaN  0.0002425  0.0010874        NaN        NaN -0.0010352  0.0004478        NaN        NaN  0.0002023 -0.0002593        NaN        NaN -0.0000375  0.0002895        NaN        NaN  0.0004280 -0.0000751        NaN        NaN  0.0002381  0.0007031        NaN        NaN -0.0071808  0.0023709        NaN        NaN -0.0014075 -0.0006248        NaN        NaN  0.0070493  0.0013925        NaN        NaN  0.0000461 -0.0000575        NaN        NaN -0.0000105  0.0003031        NaN        NaN -0.0002410  0.0002893        NaN        NaN  0.0001365  0.0007962        NaN        NaN
56 0  0.0094674        NaN        NaN        NaN  0.0020873        NaN        NaN        NaN -0.0076166        NaN        NaN        NaN -0.0004045        NaN        NaN        NaN  0.0005256        NaN        NaN        NaN  0.0018549        NaN        NaN        NaN -0.0001612        NaN        NaN        NaN  0.0003867        NaN        NaN        NaN  0.0003818        NaN        NaN        NaN -0.0001994        NaN        NaN        NaN -0.0002269        NaN        NaN        NaN -0.0003394        NaN        NaN        NaN -0.0019858        NaN        NaN        NaN -0.0005243        NaN        NaN        NaN  0.0025038        NaN        NaN        NaN  0.0002206        NaN        NaN        NaN  0.0004697        NaN        NaN        NaN -0.0002111        NaN        NaN        NaN -0.0000583        NaN        NaN        NaN
56 1 -0.0079043  0.0031390        NaN        NaN  0.0226799 -0.0037768        NaN        NaN  0.0043516  0.0045269        NaN        NaN -0.0014397  0.0010110        NaN        NaN -0.0054561  0.0017698        NaN        NaN -0.0018842  0.0004524        NaN        NaN  0.0037993 -0.0035036        NaN        NaN -0.0005343  0.0001493        NaN        NaN  0.0005777 -0.0008374        NaN        NaN -0.0006621  0.0008874        NaN        NaN  0.0002419  0.0000413        NaN        NaN -0.0004648  0.0006226        NaN        NaN -0.0006046 -0.0040588        NaN        NaN  0.0036845 -0.0010278        NaN        NaN -0.0006125  0.0024185        NaN        NaN  0.0004248  0.0001796        NaN        NaN  0.0001171  0.0001572        NaN        NaN -0.0010200 -0.0000205        NaN        NaN -0.0004586 -0.0001889        NaN        NaN
56 2  0.0032439  0.0220628        NaN        NaN -0.0006825 -0.0003314        NaN        NaN -0.0092017 -0.0369537        NaN        NaN -0.0002690 -0.0140985        NaN        NaN -0.0002540  0.0008625        NaN        NaN  0.0037829  0.0029367        NaN        NaN -0.0001819  0.0005642        NaN        NaN -0.0004997  0.0005542        NaN        NaN  0.0003092  0.0007398        NaN        NaN  0.0001833  0.0000129        NaN        NaN  0.0001957 -0.0001441        NaN        NaN  0.0000310  0.0000518        NaN        NaN -0.0021941  0.0074124        NaN        NaN -0.0003304 -0.0002624        NaN        NaN  0.0021152  0.0031843        NaN        NaN -0.0000779 -0.0000241        NaN        NaN -0.0005618 -0.0000091        NaN        NaN -0.0000086  0.0000028        NaN        NaN  0.0001781  0.0011483        NaN        NaN
56 3  0.0029861  0.0023182        NaN        NaN -0.0056889  0.0064013        NaN        NaN -0.0033435 -0.0013493        NaN        NaN  0.0012563  0.0033200        NaN        NaN  0.0031354 -0.0025882        NaN        NaN  0.0028485  0.0030782        NaN        NaN -0.0003876  0.0023995        NaN        NaN  0.0004735  0.0003100        NaN        NaN  0.0003105  0.0009850        NaN        NaN  0.0001123 -0.0008738        NaN        NaN -0.0001192  0.0002791        NaN        NaN  0.0007791 -0.0006767        NaN        NaN -0.0021319  0.0001496        NaN        NaN -0.0045539 -0.0010907        NaN        NaN  0.0027846  0.0025665        NaN        NaN -0.0005359  0.0000295        NaN        NaN -0.0001385 -0.0001428        NaN        NaN  0.0003621  0.0001878        NaN        NaN  0.0000104 -0.0002427        NaN        NaN
57 0  0.0035502        NaN        NaN        NaN  0.0033642        NaN        NaN        NaN  0.0000494        NaN        NaN        NaN  0.0024485        NaN        NaN        NaN  0.0007034        NaN        NaN        NaN  0.0017765        NaN        NaN        NaN  0.0020815        NaN        NaN        NaN  0.0005757        NaN        NaN        NaN  0.0001416        NaN        NaN        NaN -0.0001831        NaN        NaN        NaN -0.0001162        NaN        NaN        NaN -0.0001761        NaN        NaN        NaN -0.0024269        NaN        NaN        NaN  0.0023735        NaN        NaN        NaN  0.0029338        NaN        NaN        NaN -0.0000195        NaN        NaN        NaN  0.0002891        NaN        NaN        NaN -0.0002057        NaN        NaN        NaN -0.0004207        NaN        NaN        NaN
57 1  0.0019348 -0.0414058        NaN        NaN -0.0012635  0.0006046        NaN        NaN -0.0066551 -0.0057248        NaN        NaN  0.0011291  0.0096214        NaN        NaN -0.0001041 -0.0015698        NaN        NaN  0.0011006  0.0093611        NaN        NaN -0.0004298  0.0002511        NaN        NaN  0.0013657 -0.0007086        NaN        NaN  0.0000370 -0.0001450        NaN        NaN  0.0001392 -0.0000763        NaN        NaN -0.0003905  0.0003281        NaN        NaN -0.0000099  0.0002347        NaN        NaN  0.0012292 -0.0027573        NaN        NaN -0.0001050  0.0002550        NaN        NaN -0.0011629  0.0078744        NaN        NaN -0.0002018  0.0001697        NaN        NaN  0.0001812  0.0000635        NaN        NaN  0.0000562  0.0000192        NaN        NaN  0.0002958  0.0005220        NaN        NaN
57 2  0.0063391 -0.0049339        NaN        NaN  0.0064906  0.0053590        NaN        NaN  0.0029950  0.0037198        NaN        NaN  0.0031068  0.0015186        NaN        NaN -0.0027622 -0.0013123        NaN        NaN  0.0030373 -0.0005498        NaN        NaN -0.0009649  0.0024785        NaN        NaN  0.0003717  0.0003945        NaN        NaN  0.0000056 -0.0018135        NaN        NaN  0.0001318 -0.0002461        NaN        NaN -0.0000138  0.0001138        NaN        NaN  0.0006909 -0.0000366        NaN        NaN -0.0011394  0.0017038        NaN        NaN -0.0036733 -0.0016700        NaN        NaN  0.0013815  0.0006720        NaN        NaN -0.0004494  0.0006948        NaN        NaN -0.0002979 -0.0001501        NaN        NaN  0.0004704  0.0007869        NaN        NaN  0.0002873 -0.0006001        NaN        NaN
57 3  0.0171438  0.0609209        NaN        NaN -0.0021841 -0.0014234        NaN        NaN -0.0093211  0.0146893        NaN        NaN -0.0002267 -0.0192262        NaN        NaN  0.0006101  0.0001528        NaN        NaN  0.0023439 -0.0181520        NaN        NaN -0.0002149 -0.0007496        NaN        NaN -0.0001348 -0.0001782        NaN        NaN -0.0004310 -0.0000953        NaN        NaN  0.0001016  0.0001106        NaN        NaN  0.0000056 -0.0000132        NaN        NaN -0.0000642 -0.0000896        NaN        NaN -0.0019748  0.0066017        NaN        NaN  0.0013878  0.0004449        NaN        NaN  0.0021317 -0.0154055        NaN        NaN -0.0001156 -0.0001865        NaN        NaN -0.0001222 -0.0001166        NaN        NaN  0.0002720  0.0000581        NaN        NaN -0.0001411 -0.0007439        NaN        NaN
58 0  0.0105676        NaN        NaN        NaN  0.0019241        NaN        NaN        NaN -0.0083224        NaN        NaN        NaN -0.0010038        NaN        NaN        NaN -0.0005117        NaN        NaN        NaN  0.0022107        NaN        NaN        NaN  0.0001645        NaN        NaN        NaN -0.0009360        NaN        NaN        NaN -0.0004303        NaN        NaN        NaN  0.0002638        NaN        NaN        NaN  0.0004504        NaN        NaN        NaN  0.0004501        NaN        NaN        NaN -0.0018985        NaN        NaN        NaN -0.0006560        NaN        NaN        NaN  0.0013298        NaN        NaN        NaN -0.0002684        NaN        NaN        NaN -0.0004130        NaN        NaN        NaN  0.0003152        NaN        NaN        NaN  0.0000278        NaN        NaN        NaN
58 1 -0.0015203 -0.0036796        NaN        NaN  0.0208289 -0.0134193        NaN        NaN  0.0088775 -0.0011762        NaN        NaN  0.0019663  0.0016080        NaN        NaN -0.0052810  0.0020396        NaN        NaN -0.0024731  0.0020070        NaN        NaN -0.0031356  0.0007108        NaN        NaN  0.0004521 -0.0000499        NaN        NaN -0.0003616  0.0009493        NaN        NaN  0.0005127 -0.0000581        NaN        NaN -0.0001700 -0.0000807        NaN        NaN  0.0000852 -0.0000715        NaN        NaN  0.0015854 -0.0004121        NaN        NaN  0.0052475  0.0010433        NaN        NaN -0.0011224  0.0008755        NaN        NaN  0.0000100 -0.0004245        NaN        NaN -0.0000650 -0.0000680        NaN        NaN  0.0004278  0.0001557        NaN        NaN  0.0002600  0.0001338        NaN        NaN
58 2 -0.0013918 -0.0041763        NaN        NaN -0.0005399 -0.0016506        NaN        NaN -0.0066225 -0.0170758        NaN        NaN  0.0003318 -0.0047256        NaN        NaN -0.0004603  0.0006747        NaN        NaN  0.0038680 -0.0054804        NaN        NaN  0.0002781  0.0000313        NaN        NaN  0.0011151 -0.0006528        NaN        NaN -0.0003339 -0.0007474        NaN        NaN -0.0001431 -0.0002018        NaN        NaN -0.0003828  0.0002764        NaN        NaN  0.0000302 -0.0001075        NaN        NaN -0.0019260  0.0069651        NaN        NaN  0.0004505  0.0004662        NaN        NaN  0.0030867 -0.0048147        NaN        NaN  0.0000056  0.0000610        NaN        NaN  0.0004944  0.0000712        NaN        NaN  0.0000351 -0.0000595        NaN        NaN -0.0000211 -0.0007713        NaN        NaN
58 3 -0.0091177  0.0001629        NaN        NaN -0.0026456  0.0013185        NaN        NaN -0.0030629 -0.0002196        NaN        NaN  0.0041365  0.0028336        NaN        NaN  0.0017797 -0.0000715        NaN        NaN  0.0040491  0.0040063        NaN        NaN  0.0006121 -0.0003190        NaN        NaN -0.0004920 -0.0003287        NaN        NaN  0.0001525  0.0000795        NaN        NaN -0.0001012  0.0007397        NaN        NaN  0.0000594 -0.0001931        NaN        NaN -0.0007632  0.0006570        NaN        NaN -0.0024973 -0.0054022        NaN        NaN -0.0012942  0.0015156        NaN        NaN  0.0024580  0.0037847        NaN        NaN  0.0003008 -0.0003208        NaN        NaN  0.0001473  0.0001254        NaN        NaN -0.0002235  0.0002631        NaN        NaN  0.0000555  0.0001446        NaN        NaN
59 0 -0.0037616        NaN        NaN        NaN  0.0123895        NaN        NaN        NaN  0.0055276        NaN        NaN        NaN  0.0027750        NaN        NaN        NaN -0.0010451        NaN        NaN        NaN  0.0009601        NaN        NaN        NaN -0.0007899        NaN        NaN        NaN -0.0003271        NaN        NaN        NaN -0.0007487        NaN        NaN        NaN  0.0000522        NaN        NaN        NaN  0.0000773        NaN        NaN        NaN  0.0001884        NaN        NaN        NaN -0.0006699        NaN        NaN        NaN -0.0002109        NaN        NaN        NaN  0.0010837        NaN        NaN        NaN  0.0000080        NaN        NaN        NaN -0.0002055        NaN        NaN        NaN  0.0002062        NaN        NaN        NaN  0.0002430        NaN        NaN        NaN
59 1  0.0047526 -0.0398544        NaN        NaN  0.0002166  0.0036031        NaN        NaN -0.0048301 -0.0285292        NaN        NaN -0.0033825  0.0162218        NaN        NaN  0.0013242 -0.0009242        NaN        NaN  0.0004774  0.0081257        NaN        NaN  0.0000417 -0.0004535        NaN        NaN  0.0009252 -0.0000602        NaN        NaN  0.0000987  0.0002185        NaN        NaN -0.0001679  0.0000247        NaN        NaN -0.0002750 -0.0000360        NaN        NaN -0.0001256 -0.0002753        NaN        NaN  0.0018825 -0.0022241        NaN        NaN  0.0001162 -0.0004724        NaN        NaN -0.0014176  0.0028442        NaN        NaN  0.0002471 -0.0000772        NaN        NaN  0.0001550 -0.0000660        NaN        NaN -0.0001422 -0.0000583        NaN        NaN -0.0001595 -0.0003338        NaN        NaN
59 2 -0.0069479  0.0140582        NaN        NaN  0.0007262 -0.0010918        NaN        NaN -0.0003611  0.0038188        NaN        NaN  0.0037796 -0.0005102        NaN        NaN -0.0007642  0.0004813        NaN        NaN  0.0020917  0.0016338        NaN        NaN -0.0002987 -0.0027197        NaN        NaN -0.0001798 -0.0000588        NaN        NaN  0.0004263 -0.0005225        NaN        NaN  0.0005559  0.0007775        NaN        NaN -0.0001028 -0.0001395        NaN        NaN -0.0000924  0.0008112        NaN        NaN -0.0026965 -0.0040353        NaN        NaN  0.0030499 -0.0010184        NaN        NaN  0.0030332  0.0004508        NaN        NaN -0.0000408 -0.0003798        NaN        NaN  0.0001705  0.0000832        NaN        NaN  0.0001070 -0.0001196        NaN        NaN -0.0001805  0.0003455        NaN        NaN
59 3  0.0064791  0.0394940        NaN        NaN -0.0026236 -0.0034746        NaN        NaN  0.0042105  0.0571115        NaN        NaN -0.0059495 -0.0271616        NaN        NaN  0.0004668  0.0008520        NaN        NaN -0.0004667 -0.0252398        NaN        NaN  0.0002867  0.0009242        NaN        NaN -0.0007714  0.0007163        NaN        NaN -0.0000354 -0.0003477        NaN        NaN -0.0000216 -0.0000515        NaN        NaN  0.0003587 -0.0001910        NaN        NaN  0.0002095  0.0002526        NaN        NaN  0.0005988  0.0073732        NaN        NaN -0.0006123 -0.0000624        NaN        NaN -0.0022831 -0.0119176        NaN        NaN -0.0000211  0.0000646        NaN        NaN -0.0000266  0.0001445        NaN        NaN -0.0000868  0.0000118        NaN        NaN  0.0000977  0.0002783        NaN        NaN
60 0  0.0045666        NaN        NaN        NaN  0.0038611        NaN        NaN        NaN -0.0092486        NaN        NaN        NaN -0.0016893        NaN        NaN        NaN -0.0005754        NaN        NaN        NaN -0.0000781        NaN        NaN        NaN -0.0001787        NaN        NaN        NaN  0.0006623        NaN        NaN        NaN  0.0004516        NaN        NaN        NaN -0.0001988        NaN        NaN        NaN -0.0002554        NaN        NaN        NaN -0.0003765        NaN        NaN        NaN  0.0007758        NaN        NaN        NaN -0.0003779        NaN        NaN        NaN -0.0001927        NaN        NaN        NaN  0.0002389        NaN        NaN        NaN  0.0002745        NaN        NaN        NaN -0.0002546        NaN        NaN        NaN -0.0000382        NaN        NaN        NaN
60 1 -0.0062106  0.0072981        NaN        NaN  0.0190148 -0.0008252        NaN        NaN  0.0003973  0.0007813        NaN        NaN  0.0003115 -0.0003293        NaN        NaN -0.0048650  0.0009489        NaN        NaN  0.0010048  0.0018091        NaN        NaN  0.0023695 -0.0022691        NaN        NaN -0.0003410  0.0001971        NaN        NaN -0.0006387 -0.0015784        NaN        NaN -0.0002332  0.0002405        NaN        NaN  0.0000843 -0.0000616        NaN        NaN  0.0001515  0.0001317        NaN        NaN -0.0018386 -0.0025209        NaN        NaN  0.0030856 -0.0013026        NaN        NaN  0.0010207  0.0016772        NaN        NaN  0.0001093  0.0004403        NaN        NaN  0.0000074  0.0000236        NaN        NaN -0.0003092 -0.0002507        NaN        NaN -0.0001244 -0.0000833        NaN        NaN
60 2  0.0089092  0.0170093        NaN        NaN -0.0018416  0.0004594        NaN        NaN -0.0051889  0.0038110        NaN        NaN -0.0007075 -0.0091988        NaN        NaN  0.0004836  0.0011582        NaN        NaN  0.0011473 -0.0081495        NaN        NaN -0.0002212  0.0005038        NaN        NaN -0.0005374  0.0008497        NaN        NaN  0.0002665  0.0007390        NaN        NaN  0.0000341 -0.0001910        NaN        NaN  0.0002197 -0.0002038        NaN        NaN -0.0000921 -0.0002321        NaN        NaN -0.0025436  0.0076799        NaN        NaN -0.0002786 -0.0002170        NaN        NaN  0.0026300 -0.0009391        NaN        NaN  0.0000195  0.0000842        NaN        NaN -0.0003580 -0.0000765        NaN        NaN -0.0000652 -0.0001585        NaN        NaN  0.0000784  0.0005103        NaN        NaN
60 3  0.0115664 -0.0022825        NaN        NaN -0.0141126  0.0050747        NaN        NaN -0.0095575 -0.0031580        NaN        NaN  0.0000102  0.0019631        NaN        NaN  0.0058840 -0.0017413        NaN        NaN  0.0034601  0.0012328        NaN        NaN -0.0003475  0.0010561        NaN        NaN  0.0001566  0.0001384        NaN        NaN  0.0004990  0.0016048        NaN        NaN  0.0001573 -0.0003180        NaN        NaN -0.0000323  0.0001227        NaN        NaN  0.0003979 -0.0003325        NaN        NaN -0.0020833  0.0005019        NaN        NaN -0.0037321 -0.0003880        NaN        NaN  0.0027747  0.0013187        NaN        NaN -0.0002474 -0.0001073        NaN        NaN -0.0000217 -0.0000595        NaN        NaN  0.0001442  0.0000677        NaN        NaN -0.0000295 -0.0000746        NaN        NaN
61 0  0.0008749        NaN        NaN        NaN  0.0146539        NaN        NaN        NaN  0.0040226        NaN        NaN        NaN  0.0006555        NaN        NaN        NaN -0.0067196        NaN        NaN        NaN -0.0007946        NaN        NaN        NaN  0.0006428        NaN        NaN        NaN  0.0005493        NaN        NaN        NaN  0.0001043        NaN        NaN        NaN -0.0001617        NaN        NaN        NaN -0.0001191        NaN        NaN        NaN -0.0000842        NaN        NaN        NaN  0.0003844        NaN        NaN        NaN  0.0027364        NaN        NaN        NaN -0.0004582        NaN        NaN        NaN  0.0000121        NaN        NaN        NaN  0.0001126        NaN        NaN        NaN -0.0000976        NaN        NaN        NaN -0.0001722        NaN        NaN        NaN
61 1  0.0047072 -0.0117447        NaN        NaN -0.0016479  0.0044805        NaN        NaN -0.0025452 -0.0444243        NaN        NaN -0.0015289  0.0010972        NaN        NaN -0.0000742 -0.0017137        NaN        NaN -0.0037217  0.0102237        NaN        NaN -0.0003220  0.0001643        NaN        NaN  0.0012913 -0.0007516        NaN        NaN -0.0000081 -0.0001743        NaN        NaN  0.0000771  0.0000050        NaN        NaN -0.0003735  0.0002759        NaN        NaN  0.0000411  0.0001639        NaN        NaN  0.0040997  0.0040494        NaN        NaN -0.0004693 -0.0002934        NaN        NaN -0.0041996  0.0036960        NaN        NaN -0.0001070  0.0000278        NaN        NaN  0.0001127  0.0000337        NaN        NaN  0.0000650  0.0000620        NaN        NaN  0.0000933  0.0003142        NaN        NaN
61 2  0.0052745 -0.0007701        NaN        NaN -0.0079939  0.0080896        NaN        NaN  0.0011775  0.0058163        NaN        NaN  0.0006493  0.0004025        NaN        NaN  0.0045660 -0.0017666        NaN        NaN  0.0012674 -0.0005703        NaN        NaN  0.0005269  0.0022648        NaN        NaN  0.0001166  0.0001786        NaN        NaN -0.0008393 -0.0017311        NaN        NaN  0.0002873 -0.0003354        NaN        NaN  0.0000432  0.0000630        NaN        NaN  0.0008383  0.0000820        NaN        NaN  0.0000274  0.0004240        NaN        NaN -0.0043798 -0.0008989        NaN        NaN  0.0000402 -0.0004502        NaN        NaN -0.0005049  0.0003260        NaN        NaN -0.0001238 -0.0000675        NaN        NaN  0.0005939  0.0004530        NaN        NaN  0.0000313 -0.0001964        NaN        NaN
61 3 -0.0139634 -0.0280969        NaN        NaN -0.0023198 -0.0027217        NaN        NaN  0.0219623  0.0687451        NaN        NaN -0.0007996  0.0011070        NaN        NaN  0.0009843  0.0003237        NaN        NaN -0.0104987 -0.0198757        NaN        NaN  0.0000411 -0.0002615        NaN        NaN  0.0000225  0.0002667        NaN        NaN -0.0002725 -0.0000104        NaN        NaN  0.0000286 -0.0002117        NaN        NaN  0.0000392 -0.0000931        NaN        NaN  0.0000366 -0.0002872        NaN        NaN  0.0043456  0.0034526        NaN        NaN  0.0012225  0.0004426        NaN        NaN -0.0052633 -0.0116474        NaN        NaN -0.0000763  0.0001130        NaN        NaN -0.0001171 -0.0000904        NaN        NaN  0.0001392 -0.0001956        NaN        NaN -0.0000587 -0.0004130        NaN        NaN
62 0  0.0011756        NaN        NaN        NaN  0.0025446        NaN        NaN        NaN -0.0059436        NaN        NaN        NaN -0.0010173        NaN        NaN        NaN -0.0007132        NaN        NaN        NaN -0.0001526        NaN        NaN        NaN -0.0000120        NaN        NaN        NaN -0.0001982        NaN        NaN        NaN -0.0000385        NaN        NaN        NaN  0.0000190        NaN        NaN        NaN  0.0001035        NaN        NaN        NaN  0.0000154        NaN        NaN        NaN  0.0006723        NaN        NaN        NaN -0.0004241        NaN        NaN        NaN -0.0005770        NaN        NaN        NaN -0.0000152        NaN        NaN        NaN -0.0001031        NaN        NaN        NaN  0.0000296        NaN        NaN        NaN  0.0000033        NaN        NaN        NaN
62 1 -0.0007228 -0.0008952        NaN        NaN  0.0134034 -0.0087048        NaN        NaN  0.0020415 -0.0024687        NaN        NaN  0.0019001 -0.0003530        NaN        NaN -0.0037707  0.0013636        NaN        NaN  0.0010707  0.0013889        NaN        NaN -0.0003697 -0.0000061        NaN        NaN  0.0002247  0.0000431        NaN        NaN -0.0005625 -0.0001191        NaN        NaN  0.0000868 -0.0001184        NaN        NaN -0.0000347 -0.0000235        NaN        NaN  0.0001449 -0.0001552        NaN        NaN -0.0003336 -0.0000465        NaN        NaN  0.0020838  0.0006331        NaN        NaN  0.0007077  0.0002098        NaN        NaN  0.0000151  0.0000580        NaN        NaN -0.0000361 -0.0000220        NaN        NaN  0.0001108 -0.0000964        NaN        NaN  0.0000578  0.0000507        NaN        NaN
62 2  0.0023023  0.0017569        NaN        NaN -0.0012408  0.0008440        NaN        NaN -0.0032337 -0.0036540        NaN        NaN -0.0001483 -0.0019271        NaN        NaN  0.0001878  0.0002749        NaN        NaN  0.0012203 -0.0053178        NaN        NaN  0.0000562 -0.0000217        NaN        NaN  0.0003742  0.0000455        NaN        NaN -0.0000718  0.0000087        NaN        NaN -0.0000338 -0.0002017        NaN        NaN -0.0000932  0.0000294        NaN        NaN -0.0000018 -0.0002481        NaN        NaN -0.0013459  0.0049305        NaN        NaN  0.0002996 -0.0000005        NaN        NaN  0.0018393 -0.0032889        NaN        NaN  0.0000031  0.0001366        NaN        NaN  0.0001014 -0.0000132        NaN        NaN  0.0000058 -0.0001670        NaN        NaN  0.0000028 -0.0002757        NaN        NaN
62 3 -0.0009088 -0.0000205        NaN        NaN -0.0079260  0.0017042        NaN        NaN -0.0054959 -0.0021134        NaN        NaN  0.0012127  0.0012298        NaN        NaN  0.0030190 -0.0005608        NaN        NaN  0.0024017  0.0016121        NaN        NaN  0.0000920 -0.0002479        NaN        NaN -0.0002190 -0.0000366        NaN        NaN  0.0002365  0.0004436        NaN        NaN  0.0001500  0.0003719        NaN        NaN  0.0000238 -0.0000686        NaN        NaN -0.0000642  0.0003077        NaN        NaN -0.0013281 -0.0017906        NaN        NaN -0.0006699  0.0005509        NaN        NaN  0.0016691  0.0013680        NaN        NaN -0.0000438 -0.0002013        NaN        NaN  0.0000486  0.0000318        NaN        NaN  0.0000634  0.0001780        NaN        NaN  0.0000259  0.0000401        NaN        NaN
63 0 -0.0000733        NaN        NaN        NaN  0.0124255        NaN        NaN        NaN  0.0047506        NaN        NaN        NaN  0.0006424        NaN        NaN        NaN -0.0037175        NaN        NaN        NaN -0.0005581        NaN        NaN        NaN -0.0001636        NaN        NaN        NaN -0.0000042        NaN        NaN        NaN -0.0001386        NaN        NaN        NaN -0.0001229        NaN        NaN        NaN  0.0000102        NaN        NaN        NaN -0.0000608        NaN        NaN        NaN  0.0006910        NaN        NaN        NaN  0.0002337        NaN        NaN        NaN -0.0006538        NaN        NaN        NaN  0.0000764        NaN        NaN        NaN -0.0000521        NaN        NaN        NaN -0.0000353        NaN        NaN        NaN  0.0000471        NaN        NaN        NaN
63 1 -0.0004238 -0.0059424        NaN        NaN -0.0004806  0.0035987        NaN        NaN  0.0016947 -0.0412986        NaN        NaN -0.0023885  0.0016086        NaN        NaN  0.0004776 -0.0008970        NaN        NaN -0.0028100  0.0053551        NaN        NaN -0.0000466 -0.0002102        NaN        NaN  0.0006444 -0.0002713        NaN        NaN  0.0000007  0.0000193        NaN        NaN -0.0000298 -0.0000074        NaN        NaN -0.0001882  0.0000677        NaN        NaN -0.0000049 -0.0000953        NaN        NaN  0.0030239  0.0036211        NaN        NaN -0.0000338 -0.0004295        NaN        NaN -0.0031302 -0.0007708        NaN        NaN  0.0000763  0.0000007        NaN        NaN  0.0000655 -0.0000117        NaN        NaN -0.0000403 -0.0000414        NaN        NaN -0.0000477 -0.0001037        NaN        NaN
63 2 -0.0035851  0.0089522        NaN        NaN -0.0056283  0.0012693        NaN        NaN -0.0001999  0.0039966        NaN        NaN -0.0000090 -0.0013030        NaN        NaN  0.0022784 -0.0003435        NaN        NaN -0.0002601 -0.0006552        NaN        NaN  0.0001130 -0.0005639        NaN        NaN -0.0000668  0.0000412        NaN        NaN -0.0003475 -0.0008536        NaN        NaN  0.0004148  0.0001370        NaN        NaN -0.0000180 -0.0000637        NaN        NaN  0.0004054  0.0002830        NaN        NaN -0.0001471 -0.0004669        NaN        NaN  0.0006000 -0.0006683        NaN        NaN  0.0000833 -0.0014652        NaN        NaN -0.0002882 -0.0000151        NaN        NaN  0.0000254  0.0000116        NaN        NaN  0.0003691 -0.0000049        NaN        NaN -0.0000134  0.0000699        NaN        NaN
63 3 -0.0109502 -0.0201492        NaN        NaN -0.0015283 -0.0015788        NaN        NaN  0.0189782  0.0576906        NaN        NaN -0.0026653 -0.0006529        NaN        NaN  0.0004000  0.0002599        NaN        NaN -0.0073441 -0.0118570        NaN        NaN  0.0000872  0.0004575        NaN        NaN -0.0002339  0.0004716        NaN        NaN  0.0000734 -0.0000725        NaN        NaN -0.0000299 -0.0001638        NaN        NaN  0.0001302 -0.0001267        NaN        NaN  0.0000374 -0.0000645        NaN        NaN  0.0035430  0.0005438        NaN        NaN -0.0000631  0.0000750        NaN        NaN -0.0049411 -0.0035405        NaN        NaN  0.0000129  0.0001106        NaN        NaN -0.0000376  0.0000211        NaN        NaN -0.0000592 -0.0001109        NaN        NaN  0.0000454  0.0000955        NaN        NaN
64 0 -0.0036357        NaN        NaN        NaN  0.0023168        NaN        NaN        NaN -0.0027465        NaN        NaN        NaN -0.0008061        NaN        NaN        NaN -0.0003511        NaN        NaN        NaN -0.0011807        NaN        NaN        NaN -0.0001485        NaN        NaN        NaN  0.0005996        NaN        NaN        NaN  0.0002838        NaN        NaN        NaN -0.0001569        NaN        NaN        NaN -0.0002039        NaN        NaN        NaN -0.0002987        NaN        NaN        NaN  0.0020286        NaN        NaN        NaN -0.0000086        NaN        NaN        NaN -0.0015745        NaN        NaN        NaN  0.0001970        NaN        NaN        NaN  0.0001356        NaN        NaN        NaN -0.0002220        NaN        NaN        NaN -0.0000102        NaN        NaN        NaN
64 1 -0.0019889  0.0041543        NaN        NaN  0.0051394  0.0001649        NaN        NaN -0.0012455  0.0021933        NaN        NaN  0.0004692 -0.0020655        NaN        NaN -0.0031181  0.0001921        NaN        NaN  0.0020094 -0.0003658        NaN        NaN  0.0010507 -0.0008532        NaN        NaN -0.0001908  0.0001522        NaN        NaN -0.0004466 -0.0014578        NaN        NaN -0.0001993 -0.0001722        NaN        NaN  0.0000107 -0.0000667        NaN        NaN  0.0000584 -0.0001442        NaN        NaN -0.0013239  0.0002369        NaN        NaN  0.0013736 -0.0007612        NaN        NaN  0.0008336 -0.0007300        NaN        NaN  0.0000870  0.0004689        NaN        NaN -0.0000261 -0.0000122        NaN        NaN -0.0001715 -0.0003170        NaN        NaN -0.0000056 -0.0000277        NaN        NaN
64 2  0.0104313  0.0350946        NaN        NaN -0.0023084  0.0026752        NaN        NaN -0.0031485  0.0083547        NaN        NaN -0.0014822 -0.0084818        NaN        NaN  0.0006200  0.0002526        NaN        NaN -0.0007437 -0.0067133        NaN        NaN -0.0002049  0.0002623        NaN        NaN -0.0004792  0.0005672        NaN        NaN  0.0002194  0.0005943        NaN        NaN  0.0000377 -0.0000720        NaN        NaN  0.0001708 -0.0001412        NaN        NaN -0.0000502 -0.0001485        NaN        NaN -0.0005729  0.0040357        NaN        NaN -0.0002434 -0.0004131        NaN        NaN  0.0003775 -0.0022032        NaN        NaN  0.0000099  0.0000098        NaN        NaN -0.0001924 -0.0000659        NaN        NaN -0.0000193 -0.0000739        NaN        NaN -0.0000095  0.0001438        NaN        NaN
64 3  0.0099347 -0.0023990        NaN        NaN -0.0123104  0.0027845        NaN        NaN -0.0072018 -0.0056759        NaN        NaN -0.0010981 -0.0005422        NaN        NaN  0.0041978 -0.0008034        NaN        NaN  0.0014692 -0.0006186        NaN        NaN -0.0000195  0.0003791        NaN        NaN  0.0000409  0.0000867        NaN        NaN  0.0000345  0.0009752        NaN        NaN -0.0000620 -0.0001059        NaN        NaN  0.0000065  0.0000445        NaN        NaN  0.0001042 -0.0001257        NaN        NaN -0.0009861  0.0016519        NaN        NaN -0.0014945 -0.0001859        NaN        NaN  0.0015606 -0.0007365        NaN        NaN  0.0000195 -0.0000978        NaN        NaN  0.0000011 -0.0000297        NaN        NaN -0.0000519  0.0000213        NaN        NaN -0.0000279  0.0000072        NaN        NaN
65 0 -0.0002785        NaN        NaN        NaN  0.0086125        NaN        NaN        NaN  0.0030549        NaN        NaN        NaN -0.0010508        NaN        NaN        NaN -0.0043850        NaN        NaN        NaN -0.0017756        NaN        NaN        NaN -0.0002216        NaN        NaN        NaN  0.0003553        NaN        NaN        NaN  0.0002551        NaN        NaN        NaN -0.0000501        NaN        NaN        NaN -0.0000844        NaN        NaN        NaN -0.0000792        NaN        NaN        NaN  0.0018470        NaN        NaN        NaN  0.0015964        NaN        NaN        NaN -0.0022565        NaN        NaN        NaN  0.0000313        NaN        NaN        NaN  0.0000389        NaN        NaN        NaN -0.0000649        NaN        NaN        NaN -0.0000361        NaN        NaN        NaN
65 1 -0.0009408  0.0177137        NaN        NaN -0.0017363  0.0019475        NaN        NaN -0.0003298 -0.0259303        NaN        NaN -0.0006359 -0.0091886        NaN        NaN -0.0003656 -0.0007006        NaN        NaN -0.0031636 -0.0001707        NaN        NaN -0.0001882  0.0001989        NaN        NaN  0.0004986 -0.0004050        NaN        NaN  0.0001086 -0.0001857        NaN        NaN  0.0000547 -0.0000078        NaN        NaN -0.0001411  0.0001319        NaN        NaN  0.0000412  0.0000976        NaN        NaN  0.0028217  0.0062819        NaN        NaN -0.0002677 -0.0000316        NaN        NaN -0.0028094 -0.0026381        NaN        NaN -0.0000678 -0.0000157        NaN        NaN  0.0000600  0.0000296        NaN        NaN  0.0000515  0.0000549        NaN        NaN  0.0000186  0.0001050        NaN        NaN
65 2  0.0020481 -0.0000806        NaN        NaN -0.0082188  0.0064340        NaN        NaN  0.0002250  0.0043954        NaN        NaN -0.0015951 -0.0008827        NaN        NaN  0.0040483 -0.0011534        NaN        NaN -0.0003897 -0.0015619        NaN        NaN  0.0009106  0.0016219        NaN        NaN -0.0000541  0.0000614        NaN        NaN -0.0007231 -0.0008620        NaN        NaN -0.0000263 -0.0002915        NaN        NaN  0.0000687  0.0000321        NaN        NaN  0.0003172 -0.0000327        NaN        NaN  0.0006072  0.0005402        NaN        NaN -0.0032606  0.0000462        NaN        NaN -0.0009312 -0.0011980        NaN        NaN -0.0001807  0.0000956        NaN        NaN -0.0000331 -0.0000313        NaN        NaN  0.0002194  0.0001862        NaN        NaN  0.0000086 -0.0000300        NaN        NaN
65 3 -0.0164160 -0.0522215        NaN        NaN  0.0013023 -0.0000857        NaN        NaN  0.0193422  0.0241893        NaN        NaN  0.0003934  0.0155229        NaN        NaN -0.0000437 -0.0002037        NaN        NaN -0.0086041  0.0027324        NaN        NaN -0.0000862 -0.0002910        NaN        NaN  0.0001293  0.0000205        NaN        NaN  0.0000551  0.0001878        NaN        NaN  0.0000171 -0.0001280        NaN        NaN -0.0000270 -0.0000100        NaN        NaN -0.0000294 -0.0002182        NaN        NaN  0.0038181 -0.0038031        NaN        NaN  0.0006524  0.0001468        NaN        NaN -0.0044875  0.0021545        NaN        NaN -0.0000067  0.0001142        NaN        NaN -0.0000697 -0.0000547        NaN        NaN  0.0000271 -0.0001509        NaN        NaN -0.0000229 -0.0000634        NaN        NaN